:020000040800F2
:1000000000200020B90000083D3B0008513B0008DB
:1000100000000000000000000000000000000000E0
:100020000000000000000000000000003D3B000850
:1000300000000000000000003D3B0008E100000857
:100040003D3B00083D3B00083D3B00083D3B0008B0
:100050003D3B00083D3B00083D3B00083D3B0008A0
:10006000000000003D3B00083D3B00083D3B000810
:100070003D3B00083D3B000800000000E103000894
:10008000000000003D3B00080000000000000000F0
:100090003D3B0008000000003D3B00083D3B0008E0
:1000A0003D3B00083D3B00083D3B0008C93D0008C2
:1000B0003D3B00083D3B000803F0BCFC03F07EFC28
:1000C000E1235B02180003F0D7FD62B6C04602F0E0
:1000D000D3F8024B180003F03FFFFEE7309B000807
:1000E00080B500AF034B1B685A1C024B1A60C04618
:1000F000BD4680BDD801002080B500AF024B1B6813
:100100001800BD4680BDC046D801002080B584B02F
:1001100000AF78600023FB6002E0FB680133FB6006
:100120007A6813009B009B189A009B181B021A0008
:10013000FB689A42F1DCC046C046BD4604B080BDB3
:1001400080B500AF2A4BDA6A294B01210A43DA62F3
:10015000274B5A6B264B8021C9010A435A63A023BF
:10016000DB051A68A023DB0522490A401A60A02398
:10017000DB051A68A023DB05A02189030A431A6066
:10018000A023DB05DA68A023DB051A490A40DA6000
:10019000A023DB05DA68A023DB05A02149030A437D
:1001A000DA60A023DB055A6AA023DB0512490A4066
:1001B0005A62A023DB055A6AA023DB058821C90007
:1001C0000A435A620D4B00221A600C4B00225A60FF
:1001D0000A4B00229A60094B1622FF32DA60074B65
:1001E0001A68064B0D210A431A60C046BD4680BD01
:1001F00000100240FFFFC3FF0FF0FFFF0038014077
:1002000080B582B000AF0B4BDB690F2213400CD0DE
:10021000084B0F221A6203E0064B5B6A7B607B6827
:10022000044BDB6920221340F6D1C046BD4602B024
:1002300080BDC0460038014080B500AF044BDB698B
:10024000202213409B06DB0FDBB21800BD4680BDA9
:100250000038014080B500AF024B5B6ADBB218008A
:10026000BD4680BD0038014080B582B000AF0200BD
:10027000FB1D1A70FB1D1B780D2B0BD0FB1D1B7873
:100280000A2B07D0FB1D1B78202B03D0FB1D1B78EE
:10029000092B01D1012300E000231800BD4602B064
:1002A00080BD80B500AF184BDA6A174B01210A43B5
:1002B000DA62A023DB051A68A023DB0513490A4094
:1002C0001A60A023DB051A68A023DB0510490A4346
:1002D0001A60A023DB055A68A023DB050D490A40FC
:1002E0005A60A023DB05DA68A023DB0507490A4032
:1002F000DA60A023DB055A69A023DB0505490A4023
:100300005A61C046BD4680BD00100240FF3FFCC39D
:10031000004001147F9EFFFF80B500AF2D4BDA6ACD
:100320002C4B01210A43DA622A4B9A6B294B01219B
:100330000A439A63A023DB051B689B009A08A0234D
:10034000DB05802109060A431A60A023DB055A6AEF
:10035000A023DB05A021C9050A435A62A023DB05BF
:10036000DA68A023DB0592009208DA608023DB05BF
:100370001F229A628023DB05174ADA628023DB059D
:100380009A698023DB0501210A439A618023DB05FA
:100390001A6A8023DB050B210A431A628023DB05DE
:1003A000DA688023DB0502210A43DA600B4B1A6806
:1003B0000A4B802109020A431A608023DB051A6870
:1003C0008023DB0501210A431A6062B6C046C0469D
:1003D000BD4680BD00100240FFFF000000E100E0CC
:1003E00080B582B000AF8023DB051B690222134079
:1003F00000D17AE08023DB055A6BBB1D1A80A02355
:10040000DB051A6980231B02134004D1394BBA1D46
:1004100012881A8061E0374B1B889BB2BA1D128884
:10042000D31A9AB2344B1A80334B1B889AB2962354
:100430005B009A4210D9304B1B889AB296239B00DE
:100440009A4209D22D4B01221A602D4B00221A60CC
:100450002C4B00221A6040E0284B1B68012B3CD13A
:10046000254B1B889BB2642B11D9234B1B889AB256
:10047000AF235B009A420AD2224B1B685A00214BE1
:100480001A601F4B1B685A1C1D4B1A601BE01A4B4D
:100490001B889BB21C4A934212D9174B1B889BB2F4
:1004A0001A4A93420CD8174B1B685B0001221A436F
:1004B000144B1A60124B1B685A1C114B1A6002E055
:1004C0000E4B00221A600E4B1B68042B05D1104BFB
:1004D00001221A60094B00221A608023DB051A6989
:1004E0008023DB0502218A431A61C046BD4602B063
:1004F00080BDC046280600202A0600202C060020C9
:1005000030060020340600208A0200004B04000060
:100510003806002080B500AFA023DB055A69A02370
:10052000DB0503490A405A61C046BD4680BDC0464E
:100530007F9EFFFF80B500AFA023DB055A69A02393
:10054000DB0507490A405A61A023DB055A69A0234D
:10055000DB05822189010A435A61C046BD4680BD40
:100560007F9EFFFF80B584B000AF0200FB1D1A70B4
:10057000BB1D0A1C1A70BB1D1B78002B05D0394B04
:100580001B78002B01D0012200E000220F23FB1872
:100590001A701A7801210A401A70FB1D1B78042B6F
:1005A0003ED057DC032B21D054DC012B13D0022B7F
:1005B00050D1A023DB055A69A023DB052A490A4054
:1005C0005A61A023DB055A69A023DB058221C901FA
:1005D0000A435A6141E00F23FB181B78002B02D01D
:1005E000FFF798FF39E0FFF7A5FF36E00F23FB1870
:1005F0001B78002B02D0FFF78DFF2EE0A023DB0538
:100600005A69A023DB0518490A405A61A023DB057B
:100610005A69A023DB05842189010A435A611CE041
:100620000F23FB181B78002B02D0FFF773FF14E099
:10063000A023DB055A69A023DB050B490A405A6158
:10064000A023DB055A69A023DB058121C9010A43E8
:100650005A6102E0FFF75EFFC046C046BD4604B0E7
:1006600080BDC046F30100207F9EFFFF80B500AF34
:10067000FFF750FFC046BD4680BD80B500AFFFF715
:1006800059FFC046BD4680BD80B500AFA023DB0545
:100690005B69054A1A40A023DB05842189010A43CE
:1006A0005A61C046BD4680BD7F9EFFFF80B500AF4A
:1006B000A023DB055B69054A1A40A023DB058121E5
:1006C000C9010A435A61C046BD4680BD7F9EFFFFF7
:1006D00080B500AFA023DB055B69054A1A40A02363
:1006E000DB05802189010A435A61C046BD4680BDB1
:1006F0007F9EFFFF80B500AFA023DB055B69054A45
:100700001A40A023DB0580210A435A61C046BD463A
:1007100080BDC0467F9EFFFF80B500AF114B012218
:100720001A70114B05221A70104B01221A70FFF734
:10073000E3FC03000E4A9A180E4B1A60A023DB0557
:100740005A69A023DB050C490A405A61A023DB0546
:100750005A69A023DB058121C9010A435A61C046B9
:10076000BD4680BDDC0100200000002058060020AE
:100770008A0200005C0600207F9EFFFF80B500AF6C
:100780000D4B1B78002B13D00B4B1B78012B10D17A
:10079000FFF7B2FC0200094B1B68D31A09D4FFF71C
:1007A000B9FE054B00221A70054B05221A7000E0B5
:1007B000C046BD4680BDC046580600205C060020ED
:1007C0000000002080B500AF044B00221A70044BDB
:1007D00000221A60C046BD4680BDC04660060020AB
:1007E0006406002080B582B000AF0200FB1D1A70C5
:1007F0000A4B01221A700A4BFA1D12781A70094B23
:1008000001221A70FFF778FC0300B4331A00064B7C
:100810001A60C046BD4602B080BDC046DC01002063
:1008200000000020600600206406002080B500AFB4
:10083000134B1B7801225340DBB2002B19D1114B13
:100840001B78012B17D1104B1B78002B15D1FFF70C
:1008500053FC02000D4B1B68D31A0FD40C4B05221E
:100860001A70FFF757FE074B00221A70FFF7AAFF16
:1008700004E0C04602E0C04600E0C046BD4680BD80
:1008800060060020DC0100205806002064060020DD
:100890000000002080B500AF114B1B78012B03D066
:1008A000104B00221A7018E00F4B1B78002B0BD056
:1008B0000D4B1A780D4B1100180002F0EDFF0300EC
:1008C0001A00084B1A7002E0064B00221A70054B02
:1008D0001B78002B01D0FFF71DFEBD4680BDC04632
:1008E000DC010020F3010020F201002008000020BC
:1008F00080B500AF074B1B78012B08D1FFF7CAFF6B
:10090000054B1B7801211800FFF72CFE00E0C046C4
:10091000BD4680BDDC0100200000002080B582B013
:1009200000AF78600A00FB1C1A707B681A68FB1C19
:100930001B785B00032199400B001A437B681A6007
:100940007B68DB68FA1C12785200032191400A0090
:10095000D2431A407B68DA60C046BD4602B080BD13
:1009600080B584B000AF78600A4BFB6002E0FB68A2
:10097000013BFB60084B1B687A68134002D1FB689F
:10098000002BF4D1FB685A1E9341DBB21800BD4620
:1009900004B080BD400D03000024014080B500AFCD
:1009A000384B5A6B374B802189000A435A63354BC9
:1009B000DA6A344B01210A43DA62A023DB05002105
:1009C0001800FFF7ABFFA023DB0501211800FFF79C
:1009D000A5FFA023DB0502211800FFF79FFFA0233E
:1009E000DB0503211800FFF799FFA023DB05052194
:1009F0001800FFF793FFA023DB0506211800FFF77F
:100A00008DFF214B9B680122134008D01E4B9A6832
:100A10001D4B02210A439A600120FFF777FB1A4B16
:100A20000022DA60184B8022D2051A61164B072289
:100A30005A61154B00229A62134B9A68124B80211F
:100A400049050A439A600120FFF760FB0E4B9A6844
:100A50000D4B802109060A439A60C0460A4B9B68E9
:100A6000002BFBDB084B1D221A60074B9A68064BD4
:100A700001210A439A600120FFF772FFC046BD467C
:100A800080BDC046001002400024014080B582B005
:100A900000AF0200FB1D1A70FB1D1B7801229A405B
:100AA00013001800BD4602B080BD90B583B000AF02
:100AB0000200FB1D1A70124CFB1D1B781800FFF77B
:100AC000E5FF0300A3620E4B1C221A600C4B9A68D0
:100AD0000B4B04210A439A600420FFF741FF0300F7
:100AE0001A0001235340DBB2002B01D0002302E0A7
:100AF000034B1B6C9BB21800BD4603B090BDC046B3
:100B00000024014080B584B000AF0200FB1D1A70C4
:100B10000023FB600B23FB1800221A700FE0FB1D63
:100B20001B781800FFF7C1FF03001A00FB689B1831
:100B3000FB600B217B181A787B1801321A700B238B
:100B4000FB181B780F2BEAD9FB681B099BB2180016
:100B5000BD4604B080BDB0B586B000AF7860162544
:100B60007C190220FFF7CEFF030023801423FC181A
:100B70000320FFF7C7FF030023801223FC18052082
:100B8000FFF7C0FF030023807B191B889AB2382A25
:100B900000D238239BB2383B9AB20C23FB181A8040
:100BA0001423FB181B889AB2182A00D218239BB270
:100BB000183B9AB20C23FB185A801223FB181B888F
:100BC0009AB2172A00D217239BB2173B9AB20C2174
:100BD0007B189A807A687B181000190006231A0087
:100BE00004F053F97868BD4606B0B0BD80B500AFDB
:100BF0000E4B00221A700E4B00221A700D4B002271
:100C00001A800D4B00221A700C4B00221A600C4BFC
:100C100000221A800B4B00221A800B4B05221A70FF
:100C2000FFF778FCC046BD4680BDC0465806002090
:100C3000F4010020F8050020FA050020FC05002042
:100C400000060020020600200A00002080B584B0C3
:100C500000AF0200FB1D1A70214B1B78012B38D10D
:100C6000FFF74AFA02001F4B1B68D31AFB60FB68B0
:100C70001D4A934201D91C4BFB601C4B1B88002B67
:100C80000BD01A4B1B88013B194A9B00D318023327
:100C90001B78FA1D12789A421DD0144B1B88FF2B2B
:100CA0001AD8124B1B881A00FB6899B2104B92009D
:100CB000D1520E4B1B880E4A9B00D3180233FA1DEB
:100CC00012781A70094B1B8801339AB2074B1A80AD
:100CD00002E0C04600E0C046BD4604B080BDC0464C
:100CE000F4010020FC050020204E0000F805002043
:100CF000F801002080B500AF134B00221A70134B8F
:100D000001221A70124B00221A80124B00221A7014
:100D1000114B00221A80114B00221A80104B052221
:100D20001A70FFF7E9F902000E4B1A60FFF7F2FBA9
:100D30000D4B00221A800C4B05229A70044B0122A5
:100D40001A80C046BD4680BD58060020F401002030
:100D5000F8050020FA050020000600200206002009
:100D60000A000020FC050020F801002080B582B0B8
:100D700000AFFFF7C1F90200234B1B68D31A7B6059
:100D80007B68224A934201D9204B7B607B689AB2F0
:100D90001F4B1A801F4B1B88FF2B1FD81D4B1B8816
:100DA000013B1D4A9B00D31802331B78052B15D03D
:100DB000184B1B881A00164B1988174B9200D152FA
:100DC000144B1B88144A9B00D318023305221A7057
:100DD000104B1B8801339AB20E4B1A80FFF79AFB17
:100DE0000E4B05221A700E4B00221A70094B1B88FD
:100DF0005A1E9341DAB20B4B1A700B4B03221A7036
:100E0000C046BD4602B080BDFC050020204E00005B
:100E100000060020F8050020F80100200A0000204C
:100E2000F4010020FA050020DC01002080B500AFAD
:100E3000124B1B7801225340DBB2002B1AD1104B0E
:100E400000221A700F4B02221A70FFF755F90200A8
:100E50000D4B1A600D4B1B88002B02D10B4B0C4A1B
:100E60001A800C4B00221A800B4B05221A70FFF7D8
:100E700051FB00E0C046BD4680BDC046FA050020DB
:100E800058060020F4010020FC0500200006002088
:100E9000204E0000020600200A00002080B582B02B
:100EA00000AF314B1B78032B5AD1304B1B78012BF1
:100EB0000DD1FFF721F902002D4B1B68D31A7B607F
:100EC0007B682C4A93424CD9FFF750FF49E0274BEF
:100ED0001B78022B45D1FFF70FF90200244B1B684A
:100EE000D31A7B6014E0244B1B88244A9B00D31840
:100EF00002331A78224B1A70214B1B7800211800FC
:100F0000FFF730FB1C4B1B8801339AB21A4B1A8037
:100F1000194B1A881B4B1B889A4209D2164B1B8807
:100F20001A00164B9200D35A1A007B689342DAD209
:100F3000114B1A88134B1B889A4205D2124B1B88FF
:100F40001A007B6893420CD3FFF7E4FA0C4B05229E
:100F50001A70064B00221A70034B03221A7000E02D
:100F6000C046BD4602B080BDDC010020F401002077
:100F7000FC0500201F4E000002060020F8010020A2
:100F80000A000020F80500200006002080B500AF10
:100F90000F4B00221A600F4B00221A600E4B0022EA
:100FA0001A600E4B00221A600D4B00221A600D4B86
:100FB00000221A600C4B00221A600C4B00221A709F
:100FC0000B4B00221A60FFF7A5FAC046BD4680BD54
:100FD00004060020080600200C0600201006002051
:100FE00014060020180600201C0600202006002001
:100FF0002406002080B500AF054B00221A70054B77
:1010000004221A70FFF7C2FFC046BD4680BDC0462D
:1010100058060020DC01002080B500AFFFF7B6FFC6
:10102000044B01221A70044B05221A70C046BD46BB
:1010300080BDC046DC0100200000002080B584B0E7
:1010400000AF0200FB1D1A70FB1D1B781800FFF794
:101050002CFD0300FB60FB68054A94466344BB60BB
:10106000BB68DA179B1853401800BD4604B080BD1A
:1010700000F8FFFF80B58CB000AFF860B9607A600F
:10108000FFF73AF803003B620023FB620023BB62D8
:1010900000237B6220E00020FFF7D0FF0300FB610C
:1010A0000120FFF7CBFF0300BB610620FFF7C6FF5F
:1010B00003007B61FA69FB6A9A4201DDFB69FB620E
:1010C000BA69BB6A9A4201DDBB69BB627A697B6A15
:1010D0009A4201DD7B697B62FFF70EF802003B6AF2
:1010E000D31A1D2BD7D9FB68FA6A1A60BB68BA6A93
:1010F0001A607B687A6A1A60C046BD460CB080BD33
:1011000080B588B000AFF860B9607A60FA68BB68F3
:10111000D31ABB61BB69DA179B1853407B61FB682C
:10112000FB61BA68FB699A4201DDBB68FB617A68C2
:10113000FB699A4201DD7B68FB61FB69264A9342A9
:1011400001DC002343E0FB684133FF337A689A42B5
:1011500007DDBB684133FF337A689A4201DD032320
:1011600035E07B684133FF33FA689A4207DDBB689C
:101170000533FF33FA689A4201DD012327E07B68DB
:101180004133FF33BA689A4207DDFB680533FF330A
:10119000BA689A4201DD022319E07B69DC2B15DC79
:1011A000FB680E4A934211DDBB680C4A93420DDD89
:1011B0007B680533FF33FA689A4207DD7B680533A5
:1011C000FF33BA689A4201DD042300E000231800CF
:1011D000BD4608B080BDC0460D0600002C060000CC
:1011E00080B500AF074B01221A70FEF785FF0200A1
:1011F000054B1A6000210120FFF7B4F9C046BD4637
:1012000080BDC046200600202406002080B500AF27
:10121000074B02221A70FEF76FFF0200054B1A609F
:1012200000210420FFF79EF9C046BD4680BDC046A0
:10123000200600202406002080B582B000AF020006
:10124000FB1D1A700A4B00221A70FEF755FF0300AF
:10125000FA2292009A18074B1A60FB1D1B78002196
:101260001800FFF77FF9C046BD4602B080BDC046FA
:10127000200600201C06002090B587B000AFFEF7C6
:101280003BFF03007B617D4B1B78042B00D0EBE020
:101290007B4B1B78022B12D17A4B1B687A69D31ACD
:1012A000794A934200D8E1E0754B03221A70754BDE
:1012B0007A691A6000210120FFF754F9D6E0704BDB
:1012C0001B78032B03D06E4B1B78012B23D13B00E3
:1012D00000221A806D4B1B78002B17D03A006C4B04
:1012E0001100180002F0CEF9031E0FD03B001B883E
:1012F000632B0BD8FFF70EF9614B00221A70654B78
:101300007A691A60644B00221A60B4E0002101205F
:10131000FFF728F9AFE0614B1B68002B11D05F4B42
:101320001B687A69D31A00D5A2E0FFF7F3F85B4B8C
:1013300000221A60574B7A691A60574B00221A60D4
:1013400096E0A023DB055A69C323DB01134000D0DC
:1013500090E00020FFF772FE03003B610120FFF7E1
:101360006DFE0300FB600620FFF768FE0300BB6014
:101370003A69AF23DB009A4209DCFA68AF23DB004D
:101380009A4204DCBA68AF23DB009A4201DD0123F4
:1013900000E000237B607B68002B1AD03D4B1B686C
:1013A0007A69D31AC82B14D93B4B1B685A1C3A4B89
:1013B0001A60384B7A691A60374B1B68012B08D1C9
:1013C000374B7A691A60374A3749384B1800FFF7AC
:1013D00051FE314B1B68002B4DDD314B1B687A6988
:1013E000D31A334A934246D92B4B1B68012B18D191
:1013F0002D4B18682D4B19682A4B1B68FC1C1A00D2
:10140000FFF77EFE03002370FB1C1B78013B032BC0
:1014100003D80420FFF710FF1AE01F4B00221A60C8
:1014200016E01D4B1B68022B03D10420FFF704FFBD
:101430000EE0194B1B68032B03D10320FFF7FCFEC2
:1014400006E0154B1B68032B02DD0120FFF7F4FEBD
:101450000B4B1B78002B03D1104B1B68002B0AD0C1
:101460000D4B00221A6006E0C04604E0C04602E0D0
:10147000C04600E0C046BD4607B090BDDC0100207C
:10148000200600202406002025020000F201002092
:10149000080000200C060020040600201C06002086
:1014A0000806002018060020140600201006002060
:1014B000DC05000080B500AF164B00221A60164B09
:1014C00000221A60154B01221A60154B00221A6087
:1014D000144B00221A70144B00221A70134B002276
:1014E0001A70134B00221A70124B00221A60124B12
:1014F00000221A60114B00221A70114B00221A6050
:10150000104B00221A70104B00221A60C046BD46D4
:1015100080BDC046E4010020E80100200400002056
:10152000EC010020F0010020F10100203C06002029
:101530003D0600204006002044060020480600200A
:101540004C060020500600205406002090B583B0C1
:1015500000AFFEF755FE29E2FC1DFEF77BFE0300FF
:101560002370FB1D1B781800FEF77EFE031E00D0C3
:101570001CE2C14B1B78022B0CD1FB1D1B78532B9B
:1015800004D0FB1D1B78732B00D00FE2BB4B012254
:101590001A700BE2B84B1B78042B0BD1FB1D1B7888
:1015A000532B04D0FB1D1B78732B00D0FEE1FFF7FB
:1015B00033FDFBE1FB1D1B78752B00D1D2E100DD73
:1015C000F3E1742B00D1C2E100DDEEE1732B00D119
:1015D00027E100DDE9E1722B00D1BEE000DDE4E1AE
:1015E000702B00D1C9E100DDDFE16E2B00D1CFE12E
:1015F00000DDDAE16C2B00D17DE000DDD5E1662B6A
:1016000047D000DDD1E1652B00D183E100DDCCE1E5
:10161000622B00D1D3E000DDC7E1552B00D1A1E161
:1016200000DDC2E1542B00D191E100DDBDE1532B7F
:1016300000D1F6E000DDB8E1522B00D18DE000DDF5
:10164000B3E1502B00D198E100DDAEE14E2B00D18B
:101650009EE100DDA9E14C2B4DD000DDA5E1462B3C
:1016600017D000DDA1E1452B00D153E100DD9CE165
:10167000422B00D1A3E000DD97E1332B00D133E111
:1016800000DD92E1312B00D102E1322B00D115E1D6
:101690008BE1794B1B78032B21D1794B1B78012BE4
:1016A0000CD10120FFF7D2FA764B01221A70754B4C
:1016B0001B7800211800FEF755FF77E1704B1B786F
:1016C000002B00D072E1704B00221A70FFF77AF8FD
:1016D000694B01221A706D4B01221A7066E16A4B48
:1016E00000221A70FFF76EF8634B01221A70674BE5
:1016F00001221A705AE1604B1B78032B21D1604BF9
:101700001B78012B0CD10320FFF7A0FA5D4B0322BD
:101710001A705C4B1B7800211800FEF723FF45E18F
:10172000574B1B78002B00D040E1574B00221A701A
:10173000FFF748F8504B01221A70544B03221A70DD
:1017400034E1514B00221A70FFF73CF84A4B01225A
:101750001A704E4B03221A7028E1474B1B78032B5B
:1017600021D1474B1B78012B0CD10420FFF76EFAD7
:10177000444B04221A70434B1B7800211800FEF7DB
:10178000F1FE13E13E4B1B78002B00D00EE13E4BE7
:1017900000221A70FFF716F8374B01221A703B4BE4
:1017A00004221A7002E1384B00221A70FFF70AF87F
:1017B000314B01221A70354B04221A70F6E02E4B81
:1017C0001B78032B21D12E4B1B78012B0CD102202F
:1017D000FFF73CFA2B4B02221A702A4B1B78002190
:1017E0001800FEF7BFFEE1E0254B1B78002B00D070
:1017F000DCE0254B00221A70FEF7E4FF1E4B0122AD
:101800001A70224B02221A70D0E01F4B00221A706D
:10181000FEF7D8FF184B01221A701C4B02221A70D7
:10182000C4E0154B1B78032B1BD1154B1B78012BE8
:101830000AD10520FFF70AFA124B05221A7000217F
:101840000520FEF78FFEB1E00D4B1B78002B00D07A
:10185000ACE00C4B05221A7000210520FEF782FE39
:10186000A4E0FEF7AFFF094B05221A70FEF752FE07
:10187000014B00221A7099E0DC010020F1010020E8
:10188000F40100200A00002058060020000000207B
:101890004B4B00221A70FEF795FFFEF73BFE494BBB
:1018A00005221A70FFF706FE474B00221A60474BCD
:1018B00001221A70464B02221A7077E0404B002238
:1018C0001A70FEF77FFFFEF725FE3E4B05221A70C9
:1018D000FFF7F0FD3C4B01221A603C4B01221A70CD
:1018E0003B4B02221A7061E0354B00221A70FEF762
:1018F00069FFFEF70FFE334B05221A70FFF7DAFD82
:10190000314B02221A60314B01221A70304B0222F5
:101910001A704BE02E4B1B78032B07D1FFF766F9AB
:10192000FEF750FF2A4B00221A703FE0FEF74AFFF5
:10193000FEF7F0FD234B05221A70254B03221A7087
:10194000244B00221A70244B05221A702EE0204BE3
:101950001B78032B2AD11F4B1B78022B26D0FFF7B5
:10196000C9F923E01A4B1B78032B1FD1194B1B78A5
:10197000022B1BD0FFF7BEF918E0154B1B78032B89
:1019800014D1144B1B78002B10D1FFF74FFA0DE048
:101990000B4B00221A70FEF715FFFEF7BBFD094B3B
:1019A00005221A70FFF726FB00E0C046FEF744FC54
:1019B000031E00D0D0E5C046C046BD4603B090BD72
:1019C0005806002000000020E00100203C06002016
:1019D000DC010020F40100200A00002080B500AFE7
:1019E000724B1B68002B00D1D8E0704B00221A60AC
:1019F0006F4B1B78032B00D1D2E06D4B1B78042B6F
:101A000000D1CDE06B4B1B680E2B43D000DDC9E04D
:101A10000C2B3AD000DDC5E0082B00D1A8E000DD9A
:101A2000C0E0072B00D18DE000DDBBE0062B00D12C
:101A300072E000DDB6E0052B54D000DDB2E0042BEF
:101A40001CD000DDAEE0032B11D000DDAAE0022B9C
:101A50002DD000DDA6E0002B30D0012B00D0A1E07E
:101A6000554B00221A700120FEF7BCFE9BE0524B42
:101A700000221A700320FEF7B5FE94E04E4B0022C0
:101A80001A700420FEF7AEFE8DE0FEF79BFEFEF717
:101A900043FE88E0FEF796FE474B00221A70FEF7E1
:101AA00039FD464B05221A70FFF7A4FA7BE0424B42
:101AB00000221A700220FEF795FE74E0FEF782FE07
:101AC0003D4B00221A703D4B05221A70FEF722FD95
:101AD000374B1B78022B01D1FFF7ECFC344B002273
:101AE0001A7060E0FEF76EFE334B00221A70FEF7AC
:101AF00011FD324B05221A702D4B1B78022B05D19C
:101B0000FFF7D8FC2A4B01221A704CE0FFF7D2FCF9
:101B1000274B02221A7046E0FEF754FE264B0022A5
:101B20001A70FEF7F7FC254B05221A70FFF7C2FC6E
:101B3000234B00221A60234B01221A701C4B0222F5
:101B40001A7030E0FEF73EFE1B4B00221A70FEF7C3
:101B5000E1FC1A4B05221A70FFF7ACFC184B01226E
:101B60001A60184B01221A70114B02221A701AE0E7
:101B7000FEF728FE104B00221A70FEF7CBFC0F4B2D
:101B800005221A70FFF796FC0D4B02221A600D4BCE
:101B900001221A70064B02221A7004E0C04602E0CD
:101BA000C04600E0C046BD4680BDC04638060020A5
:101BB000DC01002034060020580600200000002030
:101BC000E00100203C06002080B584B000AF7860C2
:101BD0000023FB6017E00120FEF798FAFB68013351
:101BE000FB60FFF7B3FCFFF7F9FE0B4B1B78DBB292
:101BF000002B08D0FEF73AFDFFF75CFC074B0022F4
:101C00001A70012304E0FA687B689A42E3DB002340
:101C10001800BD4604B080BDF1010020DC010020A9
:101C200090B58DB000AF864B1B68072B06DDFEF725
:101C30001DFD844B00221A700123FDE0824B1968C0
:101C40007F4B1A68814BC9008A189200D358BB6237
:101C50007B4B1B685A1C7A4B1A607D4B01221A7011
:101C60007C4B00221A60FEF747FA03002D33FF3346
:101C70001A00794B1A60BB6A022B00D190E0BB6A54
:101C8000022B00DDCEE0BB6A002B03D0BB6A012B28
:101C900042D0C7E00023FB6227E014243B19180060
:101CA000FEF759FF21007B181B881A007B189B88C0
:101CB000D31AFB61FA6996235B009A4202DDFEF7B4
:101CC00007FD08E0FB69654A934202DAFEF712FD60
:101CD00001E0FEF7D2FC0820FFF776FF031E01D0DB
:101CE0000123A9E0FB6A0133FB62FB6A182BD4DDF8
:101CF000574B00221A70574B00221A60584B002293
:101D00001A60FEF7F9F90300DC331A00524B1A602F
:101D1000544B00221A708EE00023FB620BE0FEF7AA
:101D2000B3FC0420FFF750FF031E01D0012383E022
:101D3000FB6A0133FB62FB6A232BF0DD0023FB62AD
:101D400027E00C243B191800FEF705FF21007B1843
:101D50001B881A007B189B88D31A3B623A6A962329
:101D60005B009A4202DDFEF7B3FC08E03B6A3B4AA7
:101D7000934202DAFEF7BEFC01E0FEF77EFC08208B
:101D8000FFF722FF031E01D0012355E0FB6A013358
:101D9000FB62FB6A1F2BD4DD324B01221A704AE032
:101DA0000023FB620BE0FEF781FC0420FFF70CFF31
:101DB000031E01D001233FE0FB6A0133FB62FB6A93
:101DC000232BF0DD0023FB6225E03B1D1800FEF70E
:101DD000C2FE3B1D1B881A003B1D9B88D31A7B62E9
:101DE0007A6A96235B009A4202DDFEF771FC08E0F6
:101DF0007B6A1A4A934202DAFEF77CFC01E0FEF7A6
:101E00003CFC0820FFF7E0FE031E01D0012313E095
:101E1000FB6A0133FB62FB6A1F2BD6DD114B0122EB
:101E20001A7008E0FEF722FCFFF744FB054B002286
:101E30001A70012300E000231800BD460DB090BDCC
:101E4000E4010020DC010020E0010020489A0008A5
:101E50003D0600204006002044060020D4FEFFFF7F
:101E6000EC010020F0010020F0B587B000AFF4E1F4
:101E70003B001800FEF76FFE3B001B881A003B007A
:101E80009B88D31A7B617B69DA179B1853403B61AF
:101E90003B0099883B001B880E22BA181C1C0B1CA7
:101EA00098B2A1B2884200D2231C13803B005A880A
:101EB0000D23FB18C4499142924152421A703B00D3
:101EC0001B88C24A934206D93B009B88BF4A934273
:101ED00001D9012200E000220C257B191A701A7822
:101EE00001210A401A700B26B9193B69D722DC0F71
:101EF000D0179A42444123000B700D23FB181B7826
:101F0000002B09D07B191B78002B05D0BB191B783F
:101F1000002B01D0012200E000220A23FB181A70D6
:101F20001A7801210A401A700D23FB181B78012230
:101F30005340DBB2002B0DD10C23FB181B78012280
:101F40005340DBB2002B05D13B005A88E1239B00B4
:101F50009A4201D2012200E000220923FB181A70E4
:101F60001A7801210A401A70FFF7F0FAFFF736FDE0
:101F7000974B1B78DBB2002B08D0FEF777FBFFF7FF
:101F800099FA944B00221A70C0466BE1924B1B7871
:101F900001225340DBB2002B05D0FEF767FB052082
:101FA000FEF7B4F859E18D4B1B68002B0BD08B4B1F
:101FB00000221A608A4B00221A708A4B00221A6093
:101FC000894B00221A600E23FB181B88452B08D86A
:101FD000FEF74CFB3220FFF7F7FD031E00D139E17D
:101FE00037E1824B1B78002B00D16DE03B005A8813
:101FF000E1239B009A420ED23B001B887C4A93420D
:1020000009D93B009B887A4A934204D93B69DC2B6F
:1020100001DC012200E000220823FB181A701A7864
:1020200001210A401A70FEF767F80200714B1B6825
:10203000D31A00D593E0704B1B7801225340DBB2DA
:10204000002B1FD00A23FB181B7801225340DBB260
:10205000002B13D0694B1B685A1C684B1A60674BE6
:102060001B68032B00DC7AE0634B01221A70634B80
:1020700000221A60624B00221A6070E05F4B00225F
:102080001A606CE00823FB181B78002B18D05C4BFF
:102090001B685A1C5A4B1A60594B1B68022B5EDD99
:1020A000524B00221A70554B00221A60524B0022EC
:1020B0001A70534B00221A604A4B00221A604EE0FD
:1020C0004F4B00221A604AE04E4B1B78002B1BD06E
:1020D0000923FB181B78002B12D0434B1B685A1C9A
:1020E000414B1A60404B1B68022B38DD454B0022E8
:1020F0001A703D4B00221A603A4B00221A602EE003
:10210000394B00221A602AE0FDF7F6FF0200394B36
:102110001B68D31A20D40A23FB181B78002B17D076
:10212000304B1B685A1C2F4B1A602E4B1B68022B1E
:1021300015DD344B01221A702B4B00221A60294BFB
:1021400000221A60FFF76CFD031E00D184E080E0DE
:10215000244B00221A6002E0224B00221A603A69E6
:1021600096235B009A420BDCFEF787FA0820FFF704
:102170002BFD031E00D069E0194B00221A706CE0A1
:102180007B69002B42DD3B691F4A934213DD144BF0
:102190001B78002B07D0FEF79BFA1420FFF714FDE5
:1021A000031E5AD055E0FEF76FFA0820FFF70CFD2A
:1021B000031E52D04DE0FEF78BFA1420FFF704FD0A
:1021C000031E4AD045E0C0463907000095050000CF
:1021D000F1010020DC0100203C060020040000206A
:1021E000F0010020EC0100204006002048060020FD
:1021F000A306000044060020500600204C060020E4
:10220000540600203D060020EE0200003B69174AFC
:10221000934213DD164B1B78002B07D0FEF76AFAAA
:102220001420FFF7D1FC031E17D012E0FEF73EFA90
:102230000820FFF7C9FC031E0FD00AE0FEF75AFA88
:102240001420FFF7C1FC031E02D106E0C04609E0DE
:10225000C04607E0C04600E0C046064B1B78022B94
:1022600000D105E6C046BD4607B0F0BDEE02000055
:10227000F0010020DC01002080B500AFFEF711F86E
:10228000FEF74AF8FDF75CFFFEF788FB00F0C2F8A6
:1022900000F00AF900F0F6F80A20FDF737FF254BA9
:1022A00029221A70234B180001F0AFF903001A001D
:1022B000214B1A70214B224A5A60204B00229A600F
:1022C0001E4B07221A60C820FDF720FFFFF7F2F827
:1022D0001C4B00221A70FEF789FCFEF757FE194BC3
:1022E0001B78032B04D1FFF731F9FEF7D7FDF6E792
:1022F000FFF72CF9FFF772FB124B1B78042B02D16E
:10230000FEF7BAFFEBE70F4B1B78022B02D1FFF76A
:10231000ABFDE4E7FEF732FAFEF788FA094B1B78CB
:10232000012BDCD1084B1B78002BD8D1FEF7E0FA4B
:10233000D5E7C04608000020F201002010E000E0D0
:10234000FF7C0000DC0100205806002080B584B02E
:1023500000AF78600023FB600DE00023BB6003E06A
:10236000C046BB680133BB60BB68074A9342F7DDD8
:10237000FB680133FB60FB687A689A42EDDCC0467B
:10238000C046BD4604B080BD6F17000080B582B066
:1023900000AF78600A00FB1C1A707B681B68FA1C8F
:1023A00012785200032191400A00D2431A407B6800
:1023B0001A607B681A68FB1C1B785B00012199403E
:1023C0000B001A437B681A60C046BD4602B080BD50
:1023D00080B582B000AF78600A00FB1C1A70FB1C4D
:1023E0001B7801229A407B689A62C046BD4602B0C3
:1023F00080BD80B582B000AF78600A00FB1C1A7007
:10240000FB1C1B7801229A407B689A61C046BD463E
:1024100002B080BD80B500AF0F4BDA6A0E4B0221CF
:102420000A43DA620D4B00211800FFF7AFFF0B4B98
:102430005A680A4B01218A435A60084BDA68074BF5
:1024400003218A43DA60054B00211800FFF7C0FF23
:10245000C046BD4680BDC04600100240000400508A
:1024600080B500AF064B00211800FFF78FFF044B2B
:1024700000211800FFF7ACFFC046BD4680BDC04636
:102480000004005080B500AF064B00211800FFF794
:102490007DFF044B00211800FFF7ABFFC046BD468F
:1024A00080BDC0460004005080B500AF214BDA6A01
:1024B000204B02210A43DA621E4B9A6B1D4B80218E
:1024C00089030A439A631C4B1B681C4A1A401A4B27
:1024D000802189010A431A60174B1B6A184A1A4067
:1024E000154B802149040A431A62134B1B68154A95
:1024F0001A40114B802109020A431A600E4B1B6AD5
:102500001B011A090C4B802149050A431A620A4B28
:102510005A68094BC0210A435A60074B9A68064B18
:10252000A021C9010A439A60074B084A1A61C046B4
:10253000BD4680BD0010024000040050FFCFFFFFE9
:10254000FFFFFFF0FF3FFFFF00540040130F4270FA
:1025500090B583B000AF040008001100FB1D221CE1
:102560001A70BB1D021C1A707B1D0A1C1A701B4BB3
:1025700001221A60FB1D1B785A00184B18490A43A8
:102580005A60164B5A68154B802189010A435A60DC
:10259000C046124B9B6901221340012BF9D10F4B0E
:1025A000BA1D12789A62C0460C4B9B6901221340F7
:1025B000012BF9D1094B7A1D12789A62C046074B5C
:1025C0009B6901221340012BF9D10120FFF7BEFEC8
:1025D00001231800BD4603B090BDC0460054004022
:1025E0000000020280B582B000AF3A60FB1D021C01
:1025F0001A70BB1D0A1C1A70254B01221A60FB1DA4
:102600001B785A00224B23490A435A60204B5A68D0
:102610001F4B802189010A435A60C0461C4B9B69AD
:1026200001221340012BF9D1194BBA1D12789A627D
:10263000C046174B9B6901221340012BF9D10120A1
:10264000FFF784FE124B05221A60FB1D1B785A000F
:102650000F4B11490A435A600D4B5A680C4B8021AD
:1026600089010A435A60C046094B9B690422134002
:10267000042BF9D1064B5B6ADAB23B681A70012071
:10268000FFF764FE01231800BD4602B080BDC046BE
:1026900000540040000001020004010280B582B035
:1026A00000AF3A60FB1D021C1A70BB1D0A1C1A7099
:1026B0002E4B01221A60FB1D1B785A002B4B2C4914
:1026C0000A435A60294B5A68284B802189010A43E2
:1026D0005A60C046254B9B6901221340012BF9D15A
:1026E000224BBA1D12789A62C046204B9B69012288
:1026F0001340012BF9D10120FFF728FE1B4B0522C7
:102700001A60FB1D1B785A00184B1A490A435A607D
:10271000164B5A68154B802189010A435A60C046FE
:10272000124B9B6904221340042BF9D10F4B5B6AB7
:102730009BB21B029AB23B681A80C0460B4B9B6946
:1027400004221340042BF9D1084B5B6A9AB23B6810
:102750001B8813439AB23B681A800120FFF7F6FDED
:1027600001231800BD4602B080BDC04600540040A1
:10277000000001020004020280B584B000AF78605E
:102780000F217B1800221A707B681B787A18C021F1
:102790001800FFF727FF03001A0001235340DBB2A4
:1027A000002B01D0002306E00F23FB181B78EE3B23
:1027B0005A425341DBB21800BD4604B080BDB0B5EB
:1027C00084B000AF78600F23FB1800221A700E212E
:1027D0007B1800221A707B681B787A1889211800F0
:1027E000FFF700FF03001A0001235340DBB2002B68
:1027F00001D0002397E00E217B181B7801221343A0
:10280000DAB27B181A707B6818787B181B781A006C
:102810008921FFF79DFE03001A0001235340DBB21C
:10282000002B01D000237EE07B681B780F257C19EC
:10283000002288211800FFF78BFE030023707B68BD
:102840001B78012280211800FFF782FE03001A0086
:102850002C003B191B781A403B19511E8A411A70F3
:102860007B681B780122FF211800FFF771FE03002F
:102870001A003B191B781A403B19511E8A411A70E5
:102880007B681B78002200211800FFF761FE03001F
:102890001A003B191B781A403B19511E8A411A70C5
:1028A0007B6818787B6801331A009121FFF79AFE44
:1028B00003001A003B191B781A403B19511E8A412C
:1028C0001A707B681B78012200211800FFF740FE78
:1028D00003001A003B191B781A403B19511E8A410C
:1028E0001A707B681B780022FF211800FFF730FE6A
:1028F00003001A003B191B781A403B19511E8A41EC
:102900001A707B681B78002280211800FFF720FED8
:1029100003001A003B191B781A403B19511E8A41CB
:102920001A703B191B781800BD4604B0B0BDB0B595
:1029300084B000AF78607B681B780F257C1901227A
:10294000FF211800FFF704FE030023707B681B784B
:10295000002200211800FFF7FBFD03001A002C00E5
:102960003B191B781A403B19511E8A411A707B682B
:102970001B780022FF211800FFF7EAFD03001A0070
:102980003B191B781A403B19511E8A411A707B680B
:102990001B78002209211800FFF7DAFD03001A0056
:1029A0003B191B781A403B19511E8A411A707B68EB
:1029B0001B78002210211800FFF7CAFD03001A003F
:1029C0003B191B781A403B19511E8A411A707B68CB
:1029D0001B78002211211800FFF7BAFD03001A002E
:1029E0003B191B781A403B19511E8A411A707B68AB
:1029F0001B78012224211800FFF7AAFD03001A000A
:102A00003B191B781A403B19511E8A411A707B688A
:102A10001B78FF2225211800FFF79AFD03001A00FA
:102A20003B191B781A403B19511E8A411A707B686A
:102A30001B78002275211800FFF78AFD03001A0099
:102A40003B191B781A403B19511E8A411A707B684A
:102A50001B780122FF211800FFF77AFD03001A00FE
:102A60003B191B781A403B19511E8A411A707B682A
:102A70001B782C224E211800FFF76AFD03001A0074
:102A80003B191B781A403B19511E8A411A707B680A
:102A90001B78002248211800FFF75AFD03001A0096
:102AA0003B191B781A403B19511E8A411A707B68EA
:102AB0001B78202230211800FFF74AFD03001A007E
:102AC0003B191B781A403B19511E8A411A707B68CA
:102AD0001B780022FF211800FFF73AFD03001A00BF
:102AE0003B191B781A403B19511E8A411A707B68AA
:102AF0001B78092230211800FFF72AFD03001A0075
:102B00003B191B781A403B19511E8A411A707B6889
:102B10001B78002254211800FFF71AFD03001A0049
:102B20003B191B781A403B19511E8A411A707B6869
:102B30001B78042231211800FFF70AFD03001A0058
:102B40003B191B781A403B19511E8A411A707B6849
:102B50001B78032232211800FFF7FAFC03001A0049
:102B60003B191B781A403B19511E8A411A707B6829
:102B70001B78832240211800FFF7EAFC03001A00AB
:102B80003B191B781A403B19511E8A411A707B6809
:102B90001B78252246211800FFF7DAFC03001A00F3
:102BA0003B191B781A403B19511E8A411A707B68E9
:102BB0001B78002260211800FFF7CAFC03001A00EE
:102BC0003B191B781A403B19511E8A411A707B68C9
:102BD0001B78002227211800FFF7BAFC03001A0017
:102BE0003B191B781A403B19511E8A411A707B68A9
:102BF0001B78062250211800FFF7AAFC03001A00D8
:102C00003B191B781A403B19511E8A411A707B6888
:102C10001B78002251211800FFF79AFC03001A00CC
:102C20003B191B781A403B19511E8A411A707B6868
:102C30001B78962252211800FFF78AFC03001A0025
:102C40003B191B781A403B19511E8A411A707B6848
:102C50001B78082256211800FFF77AFC03001A009F
:102C60003B191B781A403B19511E8A411A707B6828
:102C70001B78302257211800FFF76AFC03001A0066
:102C80003B191B781A403B19511E8A411A707B6808
:102C90001B78002261211800FFF75AFC03001A007C
:102CA0003B191B781A403B19511E8A411A707B68E8
:102CB0001B78002262211800FFF74AFC03001A006B
:102CC0003B191B781A403B19511E8A411A707B68C8
:102CD0001B78002264211800FFF73AFC03001A0059
:102CE0003B191B781A403B19511E8A411A707B68A8
:102CF0001B78002265211800FFF72AFC03001A0048
:102D00003B191B781A403B19511E8A411A707B6887
:102D10001B78A02266211800FFF71AFC03001A0096
:102D20003B191B781A403B19511E8A411A707B6867
:102D30001B780122FF211800FFF70AFC03001A008C
:102D40003B191B781A403B19511E8A411A707B6847
:102D50001B78322222211800FFF7FAFB03001A0029
:102D60003B191B781A403B19511E8A411A707B6827
:102D70001B78142247211800FFF7EAFB03001A0012
:102D80003B191B781A403B19511E8A411A707B6807
:102D90001B78FF2249211800FFF7DAFB03001A0015
:102DA0003B191B781A403B19511E8A411A707B68E7
:102DB0001B7800224A211800FFF7CAFB03001A0003
:102DC0003B191B781A403B19511E8A411A707B68C7
:102DD0001B780022FF211800FFF7BAFB03001A003E
:102DE0003B191B781A403B19511E8A411A707B68A7
:102DF0001B780A227A211800FFF7AAFB03001A00A9
:102E00003B191B781A403B19511E8A411A707B6886
:102E10001B7800227B211800FFF79AFB03001A00A1
:102E20003B191B781A403B19511E8A411A707B6866
:102E30001B78212278211800FFF78AFB03001A0073
:102E40003B191B781A403B19511E8A411A707B6846
:102E50001B780122FF211800FFF77AFB03001A00FC
:102E60003B191B781A403B19511E8A411A707B6826
:102E70001B78342223211800FFF76AFB03001A0095
:102E80003B191B781A403B19511E8A411A707B6806
:102E90001B78002242211800FFF75AFB03001A009A
:102EA0003B191B781A403B19511E8A411A707B68E6
:102EB0001B78FF2244211800FFF74AFB03001A0089
:102EC0003B191B781A403B19511E8A411A707B68C6
:102ED0001B78262245211800FFF73AFB03001A0051
:102EE0003B191B781A403B19511E8A411A707B68A6
:102EF0001B78052246211800FFF72AFB03001A0061
:102F00003B191B781A403B19511E8A411A707B6885
:102F10001B78402240211800FFF71AFB03001A001B
:102F20003B191B781A403B19511E8A411A707B6865
:102F30001B7806220E211800FFF70AFB03001A0077
:102F40003B191B781A403B19511E8A411A707B6845
:102F50001B781A2220211800FFF7FAFA03001A0042
:102F60003B191B781A403B19511E8A411A707B6825
:102F70001B78402243211800FFF7EAFA03001A00E9
:102F80003B191B781A403B19511E8A411A707B6805
:102F90001B780022FF211800FFF7DAFA03001A005D
:102FA0003B191B781A403B19511E8A411A707B68E5
:102FB0001B78032234211800FFF7CAFA03001A0015
:102FC0003B191B781A403B19511E8A411A707B68C5
:102FD0001B78442235211800FFF7BAFA03001A00C3
:102FE0003B191B781A403B19511E8A411A707B68A5
:102FF0001B780122FF211800FFF7AAFA03001A002C
:103000003B191B781A403B19511E8A411A707B6884
:103010001B78042231211800FFF79AFA03001A00E6
:103020003B191B781A403B19511E8A411A707B6864
:103030001B7809224B211800FFF78AFA03001A00B7
:103040003B191B781A403B19511E8A411A707B6844
:103050001B7805224C211800FFF77AFA03001A00AA
:103060003B191B781A403B19511E8A411A707B6824
:103070001B7804224D211800FFF76AFA03001A009A
:103080003B191B781A403B19511E8A411A707B6804
:103090001B780022FF211800FFF75AFA03001A00DC
:1030A0003B191B781A403B19511E8A411A707B68E4
:1030B0001B78002244211800FFF74AFA03001A0087
:1030C0003B191B781A403B19511E8A411A707B68C4
:1030D0001B78202245211800FFF73AFA03001A0056
:1030E0003B191B781A403B19511E8A411A707B68A4
:1030F0001B78082247211800FFF72AFA03001A005C
:103100003B191B781A403B19511E8A411A707B6883
:103110001B78282248211800FFF71AFA03001A002A
:103120003B191B781A403B19511E8A411A707B6863
:103130001B78002267211800FFF70AFA03001A0023
:103140003B191B781A403B19511E8A411A707B6843
:103150001B78042270211800FFF7FAF903001A0007
:103160003B191B781A403B19511E8A411A707B6823
:103170001B78012271211800FFF7EAF903001A00F9
:103180003B191B781A403B19511E8A411A707B6803
:103190001B78FE2272211800FFF7DAF903001A00EB
:1031A0003B191B781A403B19511E8A411A707B68E3
:1031B0001B78002276211800FFF7CAF903001A00D5
:1031C0003B191B781A403B19511E8A411A707B68C3
:1031D0001B78002277211800FFF7BAF903001A00C4
:1031E0003B191B781A403B19511E8A411A707B68A3
:1031F0001B780122FF211800FFF7AAF903001A002B
:103200003B191B781A403B19511E8A411A707B6882
:103210001B7801220D211800FFF79AF903001A000C
:103220003B191B781A403B19511E8A411A707B6862
:103230001B780022FF211800FFF78AF903001A000B
:103240003B191B781A403B19511E8A411A707B6842
:103250001B78012280211800FFF77AF903001A0079
:103260003B191B781A403B19511E8A411A707B6822
:103270001B78F82201211800FFF76AF903001A00F1
:103280003B191B781A403B19511E8A411A707B6802
:103290001B780122FF211800FFF75AF903001A00DA
:1032A0003B191B781A403B19511E8A411A707B68E2
:1032B0001B7801228E211800FFF74AF903001A003B
:1032C0003B191B781A403B19511E8A411A707B68C2
:1032D0001B78012200211800FFF73AF903001A00B9
:1032E0003B191B781A403B19511E8A411A707B68A2
:1032F0001B780022FF211800FFF72AF903001A00AB
:103300003B191B781A403B19511E8A411A707B6881
:103310001B78002280211800FFF71AF903001A0019
:103320003B191B781A403B19511E8A411A703B19F0
:103330001B781800BD4604B0B0BD80B584B000AFA6
:1033400078600F23FB1800221A707B681B78042218
:103350000A211800FFF7FCF803001A00012353406C
:10336000DBB2002B01D000233AE07B681B780F22F0
:10337000BA1884211800FFF735F903001A00012359
:103380005340DBB2002B01D0002329E00F217B1832
:103390001B7810229343DAB27B181A707B68187876
:1033A0007B181B781A008421FFF7D2F803001A005B
:1033B00001235340DBB2002B01D0002310E07B68D7
:1033C0001B7801220B211800FFF7C2F803001A0036
:1033D00001235340DBB2002B01D0002300E0012386
:1033E0001800BD4604B080BD80B582B000AF7860E3
:1033F0000A00FB1C1A707B681878FB1C1B781A00EB
:103400000121FFF7A5F803001800BD4602B080BDFA
:1034100080B582B000AF78607B681800FFF787FA4C
:1034200003001A0001235340DBB2002B01D000231C
:103430001BE07B681800FFF780FF03001A000123E0
:103440005340DBB2002B01D000230EE07B68E82163
:103450001800FFF7C9FF03001A0001235340DBB235
:10346000002B01D0002300E001231800BD4602B06C
:1034700080BDF0B585B000AF78600A00FB1C1A7003
:103480000F23FB1800221A700E23FB1800221A705B
:103490000C23FB1800221A700D23FB1800221A704F
:1034A000FB1C1B78002B02D0012B09D011E00E234E
:1034B000FB1801221A700F23FB1841221A7008E032
:1034C0000E23FB1802221A700F23FB1801221A7018
:1034D000C0467B6818780E23FB181B781A00012160
:1034E000FFF736F803001A0001235340DBB2002B2C
:1034F00001D0002352E07B6818780F23FB181B785B
:103500001A000021FFF724F803001A00012353409A
:10351000DBB2002B01D0002340E07B681B780D2537
:103520007C190C26BA1913211800FFF75BF8030069
:1035300023707B191B78002B05D0BB191B781A0050
:1035400007231340E9D00D23FB181B7801225340B9
:10355000DBB2002B01D0002320E07B681B78012226
:103560000B211800FEF7F4FF03001A00012353405B
:10357000DBB2002B01D0002310E07B681B78002217
:1035800000211800FEF7E4FF03001A000123534056
:10359000DBB2002B01D0002300E001231800BD4660
:1035A00005B0F0BD80B582B000AF78607B680021C7
:1035B0001800FFF75EFF03001A0001235340DBB23F
:1035C000002B01D000231CE07B6801211800FFF7CD
:1035D00050FF03001A0001235340DBB2002B01D03F
:1035E00000230EE07B68E8211800FFF7FDFE0300D2
:1035F0001A0001235340DBB2002B01D0002300E06E
:1036000001231800BD4602B080BD80B582B000AF76
:1036100078607B681800FFF7AFF803001A000123F9
:103620005340DBB2002B01D0002327E07B68180059
:10363000FFF7C5F803001A0001235340DBB2002B4B
:1036400001D000231AE07B681800FFF7E1FE0300B9
:103650001A0001235340DBB2002B01D000230DE000
:103660007B681800FFF79EFF03001A0001235340F8
:10367000DBB2002B01D0002300E001231800BD467F
:1036800002B080BDF0B585B000AF786039600E2320
:10369000FB1800221A700D23FB1800221A707B6899
:1036A0001B780F257C19012280211800FEF750FF9E
:1036B000030023707B681B780122FF211800FEF7AE
:1036C00047FF03001A002C003B191B781A403B19D6
:1036D000511E8A411A707B681B7800220021180055
:1036E000FEF736FF03001A003B191B781A403B19FE
:1036F000511E8A411A707B6818787B685B781A00C3
:103700009121FEF725FF03001A003B191B781A4090
:103710003B19511E8A411A707B681B7801220021D7
:103720001800FEF715FF03001A003B191B781A401A
:103730003B19511E8A411A707B681B780022FF21B9
:103740001800FEF705FF03001A003B191B781A400A
:103750003B19511E8A411A707B681B780022802118
:103760001800FEF7F5FE03001A003B191B781A40FB
:103770003B19511E8A411A703B191B780122534094
:10378000DBB2002B01D000237DE07B681B78012297
:1037900000211800FEF7DCFE03001A00012353404D
:1037A000DBB2002B01D000236DE07B681B780F2576
:1037B0007C190E26BA1900211800FEF713FF03002A
:1037C00023707B191B78002B05D0BB191B781A00BE
:1037D00001231340E9D10F23FB181B78012253402A
:1037E000DBB2002B01D000234DE07B681B780F2556
:1037F0007C190D26BA1913211800FEF7F3FE0300F9
:1038000023707B191B78002B05D0BB191B781A007D
:1038100007231340E9D00F23FB181B7801225340E4
:10382000DBB2002B01D000232DE07B681B783A68C7
:103830001E211800FEF732FF03001A000123534037
:10384000DBB2002B01D000231DE07B681B78012236
:103850000B211800FEF77CFE03001A0001235340E1
:10386000DBB2002B01D000230DE03B681B88084A27
:10387000934204D03B681B88064A934202D13B68BE
:10388000034A1A8001231800BD4605B0F0BDC046AA
:10389000FE1F0000FF1F000090B585B000AF7860EC
:1038A0000A00FB1C1A700E243B1900221A80FB1C14
:1038B0001B78002B0DD03A197B6811001800FFF718
:1038C000E1FE031E05D03B191B88632B01D80123A1
:1038D00000E000231800BD4605B090BDB0B584B02F
:1038E00000AF786039600F243B1900221A700C2554
:1038F0007B1900221A807B681B781A003968294BD3
:10390000180001F09DFA7B681B783A19C021180055
:10391000FEF768FE3B191B781A00234B11001800B4
:1039200001F08EFA7B681B783A19C1211800FEF766
:1039300059FE3B191B781A001C4B1100180001F0AE
:103940007FFA7B681B783A19C2211800FEF74AFEFD
:103950003B191B781A00164B1100180001F070FA81
:103960007B681B787A1951211800FEF797FE7B19A6
:103970001B881A000F4B1100180001F061FA7B68D8
:103980001B787A1961211800FEF788FE7B191B88C5
:103990001A00094B1100180001F052FAC046BD464A
:1039A00004B0B0BDA89A0008B89A0008D09A0008E0
:1039B000E89A0008009B0008189B000880B582B0B8
:1039C00000AF164B7B60164B3B6007E07A68131D17
:1039D0007B603B68191D396012681A603A68114BA8
:1039E0009A42F3D304E03B681A1D3A6000221A6041
:1039F0003A680D4B9A42F6D30C4B3B6004E03B68AF
:103A00001A1D3A601B6898473A68094B9A42F6D3E8
:103A1000C046C046BD4602B080BDC0468C9F00086F
:103A200000000020D8010020680800208C9F0008BA
:103A30008C9F000880B500AF3B4B1A683A4B0121C0
:103A40000A431A60C046384B1B6804221340FAD060
:103A5000354B0122DA60C046334BDB680C22134041
:103A6000042BF9D1314B1A68304B02210A431A60FA
:103A70002E4B1A682D4B01210A431A602A4B9A6B70
:103A8000294B802149050A439A63294B8022120160
:103A90001A60C046264B5B6810221340FAD1224BB5
:103AA000DA68214B23490A40DA601F4BDA681E4B63
:103AB0008821C9030A43DA601B4A1B4BD268DA60CB
:103AC000194A194BD268DA60174A174BD268DA6084
:103AD000154B1A68144B18490A401A60124B1A68A1
:103AE000114B802149040A431A60C0460E4B1A68E4
:103AF00080239B041340F9D00B4BDA680A4B032157
:103B00008A43DA60084BDA68074B03210A43DA601C
:103B1000C046054BDB680C2213400C2BF9D1C04684
:103B2000C046BD4680BDC046001002400020024095
:103B300000700040FFFF02FFFFFFFFFE80B500AFF7
:103B4000024B180000F008FAFEE7C046589B000838
:103B500080B500AF024B180000F0FEF9FEE7C0464A
:103B6000889B000890B585B000AF78603960184B2D
:103B70001B68002B02D101235B4224E00023FB6081
:103B80000AE0FB685A1CFA603A68D418114B180016
:103B900000F0ADF9030023707B68013B1A00FB685D
:103BA000934205D20B4B180000F0CCF9031EE8D16C
:103BB000FB68002B06D03A68FB68D31800221A7005
:103BC000FB6800E000231800BD4605B090BDC0466C
:103BD000000700206806002080B584B000AF786040
:103BE0003960224B1B68002B02D101235B4238E075
:103BF0007B683F2B0BDCC0461D4B180000F0A2F980
:103C000003004022D21A7B689A42F5D302E00223D5
:103C10005B4226E00023FB600BE03A68FB68D318A8
:103C20001A78134B1100180000F030F9FB680133CB
:103C3000FB607B68FA689A42EFD30E4B1B68082240
:103C400013400DD10B4B1A680A4B08210A431A6026
:103C5000074B180000F04BF903001A00054B9A625D
:103C600000231800BD4604B080BDC04600070020F8
:103C7000B40600200038014080B584B000AF786001
:103C800072B6C046454B00229A64444B9A6C434B33
:103C90005A64424B5A6C414B1A64414B00229A645D
:103CA0003F4B9A6C3E4B5A643D4B5A6C3C4B1A64EA
:103CB0003C4B01221A603C4B00221A603B4BDA6AF3
:103CC0003A4B01210A43DA62394BFB607968F868A4
:103CD00000F070FB0300FB60A023DB059A68A023C3
:103CE000DB058021C9020A439A60A023DB055A68DC
:103CF000A023DB052F490A405A60A023DB051B687F
:103D00002D4A1A40A023DB05802109030A431A60CB
:103D1000A023DB055A6AA023DB0540210A435A622F
:103D2000A023DB051B68254A1A40A023DB05802160
:103D300089030A431A60A023DB055A6AA023DB0526
:103D40008021C9000A435A62184B5A6B174B8021D5
:103D5000C9010A435A631A4B1A68194B6C210A436A
:103D60001A60174B00225A60154B00229A60144BC0
:103D7000FA68DA60124B1A68114B01210A431A6083
:103D8000104B1A680F4B802109050A431A6062B66E
:103D9000C046C046BD4604B080BDC046680600208F
:103DA000B406002000070020040700200010024095
:103DB0000048E801FFFDFFFFFFFFF3FFFFFFCFFF1C
:103DC0000038014000E100E080B500AF084BDB693E
:103DD0008022134001D000F025F8054BDB6920223A
:103DE000134001D000F006F8C046BD4680BDC04675
:103DF0000038014080B500AF074B5B6ADAB2074B71
:103E00001100180000F042F8031E02D0044B0122FA
:103E10001A60C046BD4680BD0038014068060020DB
:103E20000407002080B500AF164B180000F08AF898
:103E3000031E08D0134B180000F059F803001A00B5
:103E4000114B9A621BE0104B1A680F4B08218A43F2
:103E50001A600D4BDB694022134005D00A4B1A6AE9
:103E6000094B40210A431A62074BDB698022134049
:103E700005D0054B9A69044B10210A439A61C0464C
:103E8000BD4680BDB40600200038014080B582B038
:103E900000AF78600A00FB1C1A707B681A6C7B68A4
:103EA0005B6C9A4205D17B689B6C002B01D001238F
:103EB00019E072B6C0467B681B6C591C7A681164A5
:103EC0007A68F91C0978D1547B689B6C5A1C7B6812
:103ED0009A647B681B6C402B02D17B6800221A64B9
:103EE00062B6C04600231800BD4602B080BD80B552
:103EF00084B000AF78607B689B6C002B01D10023FD
:103F00001CE072B6C0467B685B6C591C7A685164D1
:103F10000F22BA187968CB5C13707B685B6C402BFE
:103F200002D17B6800225A647B689B6C5A1E7B68B6
:103F30009A6462B6C0460F23FB181B781800BD4672
:103F400004B080BD80B582B000AF78607B689B6CA8
:103F50001800BD4602B080BD80B582B000AF786069
:103F60000B4B1B68002B09D101235B420BE07B68E4
:103F70005A1C7A6019000120FFF72EFE7B681B781F
:103F8000002BF4D100231800BD4602B080BDC0460E
:103F90000007002080B582B000AF0200FB1D1A7040
:103FA000FB1D19000120FFF717FEC046BD4602B0F9
:103FB00080BD80B500AF044B1800FFF798FF0300E9
:103FC0001800BD4680BDC04668060020B0B584B06C
:103FD00000AF786039601E4B1B68002B02D10123B3
:103FE0005B4231E00023FB600B23FB1800221A70B8
:103FF00017E0C046174B1800FFF7A4FF031EF9D0C7
:104000000B257C19134B1800FFF771FF0300237079
:10401000FB685A1CFA601A007B689B187A191278A0
:104020001A703B68013BFA689A4204DA0B23FB18CA
:104030001B780D2BDDD1FB68002B04DDFB687A6853
:10404000D31800221A70FB681800BD4604B0B0BD3A
:10405000000700206806002090B583B000AFFC1D6B
:10406000FFF7A7FF03002370FB1D1B781800FFF765
:1040700091FFFB1D1B781800BD4603B090BDB0B585
:1040800084B000AF78603960214B1B68002B02D1EF
:1040900001235B4237E00023FB600B23FB18002267
:1040A0001A701DE0C0461B4B1800FFF74BFF031EA4
:1040B000F9D00B257C19174B1800FFF718FF0300E8
:1040C00023702C003B191B781800FFF763FFFB6877
:1040D0005A1CFA601A007B689B183A1912781A70F9
:1040E0003B68013BFA689A4204DA0B23FB181B7801
:1040F0000D2BD7D1FB68002B04DDFB687A68D31841
:1041000000221A70FB681800BD4604B0B0BDC0465E
:10411000000700206806002080B582B000AF7860FC
:10412000FEE780B582B000AF786001235B421800E3
:10413000BD4602B080BD80B584B000AFF860B96004
:104140007A60044B0C221A6001235B421800BD46C2
:1041500004B080BD1407002080B500AF034B0B22D4
:104160001A6001235B421800BD4680BD1407002081
:1041700080B582B000AF786039603B6880229201E0
:104180005A6000231800BD4602B080BD80B500AF64
:1041900001231800BD4680BD80B582B000AF7860B5
:1041A0003960044B16221A6001235B421800BD4699
:1041B00002B080BD1407002080B582B000AF7860E7
:1041C0003960044B1F221A6001235B421800BD4670
:1041D00002B080BD1407002080B584B000AFF86045
:1041E000B9607A6000231800BD4604B080BD80B578
:1041F00082B000AF786039603B68802292015A60DB
:1042000000231800BD4602B080BD80B582B000AF6B
:10421000786001235B421800BD4602B080BD80B5C6
:1042200082B000AF7860044B02221A6001235B4227
:104230001800BD4602B080BD1407002080B582B0D2
:1042400000AF7860044B0A221A6001235B42180019
:10425000BD4602B080BDC0461407002080B582B0C4
:1042600000AF78607B68022B01D8012303E0044B88
:1042700009221A6000231800BD4602B080BDC04666
:104280001407002080B586B000AF7860124B7B61C8
:10429000124B3B61124B1B68002B02D1104B7A6909
:1042A0001A600F4B1B68FB600D4B1A687B68D318B4
:1042B0003A699A4205D20B4B0C221A6001235B42E9
:1042C00006E0074B1A687B68D218054B1A60FB683A
:1042D0001800BD4606B080BD680800200010002010
:1042E000100700201407002080B588B000AFF860E8
:1042F000B9607A600023BB61FB68002B22D10023E8
:10430000FB611AE0FFF755FE03001A0017217B1826
:104310001A70BB685A1CBA607A181278D2B21A7036
:10432000BB690133BB617B181B78DBB20A2B01D15F
:10433000BB690EE0FB690133FB61FA697B689A4255
:10434000E0DB05E0054B09221A6001235B4200E037
:10435000BB691800BD4608B080BDC04614070020E8
:1043600080B586B000AFF860B9607A60FB68013B49
:10437000012B11D800237B6109E0BB685A1CBA608D
:104380001B781800FFF706FE7B6901337B617A69B1
:104390007B689A42F1DB05E0054B09221A60012394
:1043A0005B4200E07B681800BD4606B080BDC04699
:1043B0001407002003460B437FD4002243088B429E
:1043C00074D303098B425FD3030A8B4244D3030B9C
:1043D0008B4228D3030C8B420DD3FF22090212BA61
:1043E000030C8B4202D31212090265D0030B8B42DD
:1043F00019D300E0090AC30B8B4201D3CB03C01AC7
:104400005241830B8B4201D38B03C01A5241430BA1
:104410008B4201D34B03C01A5241030B8B4201D391
:104420000B03C01A5241C30A8B4201D3CB02C01AFC
:104430005241830A8B4201D38B02C01A5241430A74
:104440008B4201D34B02C01A5241030A8B4201D363
:104450000B02C01A5241CDD2C3098B4201D3CB010A
:10446000C01A524183098B4201D38B01C01A5241B9
:1044700043098B4201D34B01C01A524103098B42BD
:1044800001D30B01C01A5241C3088B4201D3CB00A8
:10449000C01A524183088B4201D38B00C01A52418B
:1044A00043088B4201D34B00C01A5241411A00D23B
:1044B00001465241104670475DE0CA0F00D04942A4
:1044C000031000D34042534000229C4603098B4214
:1044D0002DD3030A8B4212D3FC22890112BA030A9C
:1044E0008B420CD3890192118B4208D3890192111E
:1044F0008B4204D389013AD0921100E08909C309A3
:104500008B4201D3CB01C01A524183098B4201D3A4
:104510008B01C01A524143098B4201D34B01C01A8F
:10452000524103098B4201D30B01C01A5241C30807
:104530008B4201D3CB00C01A524183088B4201D376
:104540008B00C01A5241D9D243088B4201D34B0091
:10455000C01A5241411A00D20146634652415B10D3
:10456000104601D34042002B00D5494270476346B4
:104570005B1000D3404201B5002000F005F802BDF9
:104580000029F8D016E770477047C046F0B51F0005
:10459000002316008BB09F4204DA802109067B18A5
:1045A0001F002D23129A149C1370202303229C4376
:1045B000462C07D02300453B59424B411099013A04
:1045C000CB18109309AB049308AB0393139B009291
:1045D0000293109B320001933B0000F0F5FC0500B4
:1045E000472C1BD1119BDB0711D5109BC3180793D8
:1045F000002200233000390003F01EFA002801D009
:10460000079B09933022099B07998B4220D32800EE
:10461000099B159A5B1B13600BB0F0BD109BC31870
:104620000793462CE4D10378302B0CD100220023D1
:104630003000390003F000FA002804D10123109A59
:104640009B1A139A1360139B079A1B68D318CEE723
:10465000591C09911A70D6E7F0B52B2385B00500D7
:104660000C1E027001DA4C4202336B70092C2EDDF5
:10467000AB1C009302ABDE1D20000A21FFF780FF78
:1046800037003031013E200031700A210194FFF7DC
:1046900091FE019B0400632BEEDCBA1E1300303444
:1046A0000099147002A8073098420BD8002390425A
:1046B00003D3093302AA9B18DB1B009AD018401BB6
:1046C00005B0F0BD1878013308700131EAE73023F6
:1046D000E418AB70281DEC70F1E70000F0B597B05E
:1046E0000C001C9D0A920B93099000F0BBFB036821
:1046F00018000F9300F0D2FB0023072210901493B0
:10470000237E0E93236811932B6807339343012272
:10471000C0CB2B607B005B080D930C96A664E7640E
:104720000C980D99A34B524205F0C0F8002831D1E6
:104730000C980D9901229F4B524203F08DF90028ED
:1047400028D1002200233000390003F07BF9002833
:1047500003D023002D2243331A70974B0C930E9BEA
:10476000472B01D8954B0C9303230025119A236105
:1047700001339A4322600B9B2100009309980A9B06
:1047800015AA00F0D7F9013000D098E0012040428E
:1047900017B0F0BD32003B003000390005F086F85C
:1047A00000280CD0002F03DA23002D2243331A7087
:1047B000834B0C930E9B472BD6D8824BD3E72022FA
:1047C0000E9D636895435A1C43D107336360802371
:1047D000119ADB00134300222360069214AA05926B
:1047E0000E9A0AA9049213AA039223225218029243
:1047F000019363683200009309983B00FFF7C6FEFF
:1048000013990C90472D2AD1CB1C02DB63688B4295
:1048100043DA0E9E023EF3B20E9320000E9A013947
:1048200050301391FFF718FF149A050013182361F5
:10483000012A02DC2268D20701D501332361232338
:104840000AAA9B5C002B96D023002D2243331A70BA
:1048500091E7472DBBD1002BB9D10133B6E70E9BB1
:10486000652BDAD90E9B662B19D16368002909DD07
:104870002161002B02D12268D2070BD501335B18CE
:10488000236107E0002B03D101222068104200D0F1
:104890009A1C22610025A165D1E767230E93149B22
:1048A0008B4205DC23682161DB07F3D54B1CE7E76E
:1048B0000122002901DC9218521A9B18E0E72268B5
:1048C000530508D423690C9A0A9909980B9DA847A7
:1048D000013029D15AE70E9B652B00D8D5E0A06C9A
:1048E000E16C0022002303F0A7F8002833D0012355
:1048F000354A0A9909980B9DA847013000D145E730
:10490000149E139BB34202DB2368DB070CD50B9D7F
:10491000109B0F9A0A990998A8470025013000D1E9
:1049200034E7731EAB420ADC23689B0700D5FFE027
:10493000159BE068984200DB2AE7180028E7220070
:1049400001230A9909980B9F1A32B847013000D108
:104950001CE70135E5E7139B834237DC01231A4A44
:104960000A9909980B9DA847013000D10EE7149EC3
:10497000139B334302D12368DB07D5D50B9D109BD6
:104980000F9A0A990998A8470025013000D1FDE641
:10499000139B5B42AB4201DC330094E7220001230E
:1049A0000A9909980B9F1A32B847013000D1EDE6F9
:1049B0000135EDE7FFFFEF7FB09B0008AC9B0008DF
:1049C000B89B0008B49B0008BC9B0008149EA76D10
:1049D000B74200DD3700002F2FDCFB430025DB173B
:1049E0003B400E93A76D0E9BFB1AAB422EDC139B34
:1049F0009E4237DC2368DB0734D4139DF31B751B01
:104A00009D4200DD1D00002D35DCEB430027DB1748
:104A10001D400C95139B0C9AF31A9B1ABB4200DCA9
:104A200082E7220001230A9909980B9D1A32A847B0
:104A3000013000D1AAE60137ECE73B000C9A0A9955
:104A400009980B9DA8470130C7D19FE6220001239A
:104A50000A9909980B9F1A32B847013000D195E6A0
:104A60000135BFE7109B0F9A0A9909980B9DA8473B
:104A70000130C2D18AE60C9B0A99DA1909982B00F9
:104A80000B9FB8470130C0D180E6149E012E02DC96
:104A900001231A4239D001230C9A0A9909980B9FD5
:104AA000B847013000D171E6109B0F9A0A99099816
:104AB0000B9FB847013000D168E6A06CE16C731E13
:104AC0000E930022002302F0B7FF00281BD10C9A9E
:104AD0000E9B01320A9909980B9EB04701300ED106
:104AE00054E6220001230A9909980B9E1A32B04716
:104AF000013000D14AE601370E9B9F42F1DB2200D4
:104B00002B005032E0E60027F6E70C9AE2E722009D
:104B100001230A9909980B9E1932B047013000D140
:104B200034E60135E368159A9B1AAB42EFDCFFE6E9
:104B30000025F7E7F7B5160001938A680B690C00AA
:104B40000090934200DA130022003360433212785F
:104B5000002A01D00133336023689B0602D53368F5
:104B6000023333602268062315001D401A4227D005
:104B7000230043331B785A1E93412268920630D497
:104B8000220001990098089D4332A847013025D0A2
:104B90000622236800251340042B05D13368E568FD
:104BA000ED1AEB43DB171D40A3682269934201DD38
:104BB0009B1AED180026B54220D1002010E00135E7
:104BC000E36832689B1AAB42D2DD220001230199CF
:104BD0000098089F1932B8470130F0D101204042B7
:104BE000FEBD3020E1184331087021005A1C4531C8
:104BF0000978A218433202331170C1E72200012361
:104C000001990098089F1A32B8470130E6D0013662
:104C1000D1E70000F0B58BB00793059006920A7EAD
:104C20000C004331109B0391782A09D8622A0BD8D3
:104C3000002A00D1BAE07A490491582A00D18EE0C6
:104C4000250042352A7022E0100063381528F7D875
:104C500002F04EFE16001F00F6FFF6FFF6FFF6FF0D
:104C60001F00F6FFF6FFF6FFF6FF9F0035007E00FF
:104C7000F6FFF6FFB000F6FF3500F6FFF6FF820004
:104C800025001A684235111D196013682B70012325
:104C90009EE01A682068111D1960050601D5166886
:104CA00003E04006FBD50023D65E002E03DA2D2359
:104CB000039A764213705A4B0A27049313E01A683A
:104CC000216840CA080602D4490600D5B6B21A6067
:104CD000237E534A0A2704926F2B00D1023F230000
:104CE000002243331A706368A360002B06DB0421A3
:104CF0002268039D8A43226033430CD0039D300019
:104D0000390002F085FE049B013D5B5C2B70330093
:104D100006009F42F3D9082F09D12368DB0706D587
:104D2000626823699A4202DC3023013D2B70039BA9
:104D30005B1B2361079B210000930598069B09AA32
:104D4000FFF7F8FE013048D1012040420BB0F0BD22
:104D5000202221680A4322607822324904912100EE
:104D600045310A701968226840C9100602D45006FD
:104D700000D5B6B21960D30702D5202313432360B0
:104D8000002E01D01027AAE7202223689343236036
:104D9000F8E71A682568101D6169186013682E0607
:104DA00001D5196002E06D06FBD519800023039D33
:104DB0002361BFE71A68111D1960156800212800DA
:104DC000626800F057F8002801D0401B60606368FB
:104DD00023610023039A1370ACE72A002369069924
:104DE0000598079DA8470130AED023689B0715D4CE
:104DF000099BE0689842A9DA1800A7E7220001237E
:104E000006990598079E1932B04701309CD00135AC
:104E1000E368099A9B1AAB42F0DCE9E70025F7E763
:104E2000BE9B0008CF9B00080EB403B503AB04CBB8
:104E30008168019301F0A0FC02B008BC03B01847E0
:104E40000FB407B5054904AB086804CB816801932A
:104E500001F092FC03B008BC04B018471000002019
:104E6000F0307047004870475C01002000487047F0
:104E70005C010020C9B28218904201D10020704725
:104E800003788B42FBD00130F6E7002310B59A423D
:104E900000D110BDCC5CC4540133F8E70023C25CE0
:104EA0000133002AFBD1581E7047F0B502690F6923
:104EB00087B006000B0000200291BA426DDB013F73
:104EC000BC00143305931B190393330014331C19CE
:104ED000019323680493039B04981D6801352900FE
:104EE00002F010FD049B0090AB422BD3059B019D6B
:104EF0009C46002305930493624608CA286894469A
:104F0000009A99B25143059A1B0C8918009A534391
:104F10000A0C9B181A0C89B2059282B2521A049993
:104F2000000C52189BB21114C31A5B18191492B2D8
:104F30001B04134308C5039B04916345DCD223681B
:104F4000002B30D03000029901F0CEF9002823DB8D
:104F500034000025009B029A01330093143414326C
:104F6000236801CA02936B461B8981B2591A029BBE
:104F70004919000C1B0C1B1A08141B181D1489B2AC
:104F80001B040B4308C4039B9342E9D2019ABB0064
:104F9000D3181A68002A10D0009807B0F0BD236813
:104FA000002B04D1013F019B043CA342F7D337619E
:104FB000C8E71A68002A04D1013F019A043B9A42CB
:104FC000F7D33761E8E70000F0B514001D00C269AF
:104FD0009DB010941195259F0290002A10D11020A9
:104FE00000F0D4FD029B021ED86104D1EF21A34B37
:104FF000A34802F047F90023436083600360C36065
:10500000116800290BD001235268029893404A602E
:105010008B6000F0C3FE0022029BDB691A602E1E2B
:1050200017DA01236E00DE403B601196954B954ADE
:105030003340934218D1944B249A3603360B1360B5
:10504000264301D100F073FD269B002B04D18F4B2A
:1050500020E000233B60E9E78C4B05938C4B269ABC
:10506000136005981DB0F0BD109A119B0C920D9322
:105070000C980D990022002302F0DEFC071E0BD0D5
:105080000123249A1360269B002B02D0814B269A81
:105090001360814B0593E4E71AAB01931BAB0093BC
:1050A00002980C9A0D9B01F047FA1A9B0490310D5F
:1050B0000593B94279D00D9B19971A03774B120BC0
:1050C0001343774A8E180C980D9919000022754BDE
:1050D00003F0E2FF744A754B03F026FD744A754BEA
:1050E00002F0D8FC040030000D0004F037FC724AD6
:1050F000724B03F019FD02000B002000290002F0A2
:10510000C9FC04000D0004F0F1FB00220390002311
:105110002000290002F096FC00280BD0039804F030
:105120001DFC2B00220002F087FC43425841039BE8
:105130001B1A039301231393039B162B0FD80C9870
:105140000D99039A5E4BD2009B180CCB02F07AFCAF
:10515000002846D0039B013B039300231393059B38
:105160009E1B00230693731E03D50122931B0693F7
:1051700000230A93039B002B35DB0A9B039A9B18A1
:105180000A93002312920E93229B0124092B5FD8CD
:10519000052B02DD0024043B2293229B981E03284A
:1051A00060D802F09BFB51533529059B1B9FDF19EB
:1051B000444BFA18202A0FDD40239B1A9E40424B95
:1051C0003000FB18DC40204304F0FCFB01223F4B85
:1051D0007E1ECB18199278E7202320009B1A984056
:1051E000F2E71390BBE7069B039A9B1A0693534280
:1051F0000E9300231293C7E70123239A0F93039B77
:105200009B180B9301330893002B08DC012306E065
:1052100001230F93239B002B28DD0B930893029A05
:105220000021D0690422150014359D4223D9416024
:10523000029800F071FD059000284BD1B021244B5D
:105240000F48059AFF31D4E60023E2E70023D4E7B4
:1052500000230F942293013B00220B930893239287
:105260001333DCE701230F93023BF5E701230B9394
:1052700008932393D3E701315200D4E7ED9B000854
:10528000049C00080000F07F0F270000E99B000845
:10529000EC9B0008BD9B0008BC9B00080000F03F91
:1052A00001FCFFFF0000F83F61436F63A787D23F17
:1052B000B3C8608B288AC63FFB799F501344D33F05
:1052C000809D00083204000012040000000010FE5F
:1052D0005F9C0008029B059ADB691A60089B0E2BF5
:1052E00000D981E0002C00D17EE0039B002B00DC84
:1052F000CDE00F21039ACD4B0A40D2009B18C0CBC2
:10530000039B02251C110C9A0D9B14921593039B71
:10531000DB050AD5C64B0C401A6A5B6A0C980D99DE
:1053200002F0CCFF149015910135C14B0993002C6C
:1053300000D09CE01498159932003B0002F0BEFFAB
:1053400006000F00139B002B00D1CAE000223000A2
:105350003900B84B02F076FB002800D1C1E0089B71
:10536000002B00D1BDE00B9B002B3DDD039B3000EB
:10537000013B390009930022AF4B03F0D5FB060037
:105380000F000B9C0135280004F0E8FA32003B00C6
:1053900003F0CAFB0022A94B02F07CFBA84B14903F
:1053A0001591CB181593149A159B16921793002CF0
:1053B00000D09AE0002230003900A24B03F06CFECE
:1053C000169A179B06000F0002F050FBA04200D077
:1053D000D1E28020159900060B18149A300039008C
:1053E00002F030FBA04225D11B9B002B00DA93E199
:1053F000039A0E2A00DD8FE18C4BD2009B1818CB4C
:1054000006930794239B002B00DB1FE1089B002BD6
:1054100000DD1BE10ED1069807990022894B03F0AD
:1054200083FB02000B000C980D9902F015FB00287D
:1054300000D1A3E200263700239B059CDB430993A0
:10544000039700273100029800F0A8FC039B002B73
:1054500000D1E0E0002F05D09F4203D03900029830
:1054600000F09CFC0399029800F098FCD3E0012323
:105470001C4208D0ED18099B30000CCB390003F01A
:1054800053FB06000F00099B641008334EE7039B93
:1054900002250C9E0D9F002B00D153E70F225C428A
:1054A0002240624BD2009B1830000CCB390003F035
:1054B0003BFB06000F005E4B24110993002C00D12A
:1054C00040E701231C4208D0ED18099B30000CCBAB
:1054D000390003F029FB06000F00099B6410083314
:1054E000EBE7039B089C09934DE7504B621ED200EB
:1054F0009B1803CB059BE31818930F9B002B49D0F7
:1055000002000B000020504902F0D8FE169A179BAB
:1055100003F0C2FD059B14901591169339003000DD
:1055200004F0E4F9050004F019FA02000B00300061
:10553000390003F0B1FD169B30355C1C1D70149AC8
:10554000159B06000F0002F07DFA002863D132009F
:105550003B000020374903F09FFD149A159B02F091
:1055600071FA002800D0BAE0189B9C4200D13BE7BA
:10557000149815990022304B03F0D6FA00221490AB
:1055800015912D4B3000390003F0CEFA1694060029
:105590000F00C3E7169A179B03F0C6FA14901591F3
:1055A000059C3900300004F0A1F9050004F0D6F99B
:1055B0000B0002003900300003F06EFD3035189BFF
:1055C0002570013406000F00A34227D114981599C5
:1055D00000221D4B02F05EFA02000B003000390081
:1055E000189C02F043FA002800D078E0149A159B2A
:1055F0000020154903F050FD02000B003000390077
:1056000002F020FA002800D1EEE62300013C2278C7
:10561000302AFAD01C00099B03934EE00022064B6F
:1056200003F082FA06000F00BBE7C046809D000829
:10563000589D00080000F03F0000244000001C407E
:105640000000C0FC000014400000E03F089F059EE1
:10565000013FBF19069A079B0C980D9902F02EFE88
:1056600004F044F9050004F079F9069A079B03F069
:105670005BFA02000B000C980D9903F00DFD2A0057
:1056800033003032013634001A709F4237D10200A5
:105690000B0002F0FFF9069A079B06000F0002F0CC
:1056A000E5F9002819D1069A079B3000390002F06D
:1056B000C3F9002801D0ED070FD40499029800F037
:1056C0006DFB00232370039B249A01331360269BF8
:1056D000002B00D1C5E41C60C3E4039B09932300A5
:1056E0001C00013B1A78392A06D1059A9A42F7D153
:1056F000099A01320992302201321A708BE7002296
:10570000C54B03F011FA002200230C900D9102F01A
:1057100093F900289ED0D0E70F9F0E9D069C002F86
:1057200014D0229A012A00DDE3E0199A002A00D160
:10573000D9E0BA4A9B18069A0121D21806920A9A11
:105740000298D3180A9300F031FC0700002C0ED009
:105750000A9B002B0BDD0A9A2300944200DD130004
:10576000069AE41AD21A06920A9AD31A0A930E9B40
:10577000002B21D00F9B002B00D1D2E0049E002DE6
:1057800014D039002A00029800F0E0FC049A0100CD
:105790000700029800F020FC06000499029800F02F
:1057A000FDFA0E9B04965B1B0E9305D031000E9AFA
:1057B000029800F0CBFC04900121029800F0F6FB67
:1057C000129B0600002B00D1BBE11A0001000298D9
:1057D00000F0BCFC229B06000025012B16DC0025F6
:1057E000109BAB420ED1119B1B03AB420AD18C4BD9
:1057F000119A134206D0069B0135013306930A9B8A
:1058000001330A93129B0120002B08D03369033324
:105810009B00F318586800F077FB2023181A0A9BA6
:105820001F22181803001340104200D180E01B2BE8
:105830007ADC033AD31A069AE418D21806920A9A26
:10584000D3180A93069B002B05DD1A0004990298D1
:1058500000F0DEFC04900A9B002B05DD31001A00ED
:10586000029800F0D5FC0600139B002B62D031009B
:10587000049800F039FD00285CDA039B0A22013B02
:10588000099304990023029800F0AEFA0F9B04904C
:10589000002B00D15CE1002339000A22029800F0BD
:1058A000A3FA0B9B0700002B4EDC229B022B47DD4B
:1058B0000B9B002B00D0BFE5310005220B9B02980B
:1058C00000F092FA06000100049800F00DFD002897
:1058D00000DCB1E5059B059A5C1C31231370099B24
:1058E00001330993ACE536231A9A0E9D9B1A069C48
:1058F00021E7089B5D1E0E9BAB4208DB5D1B089BEE
:10590000002BF4DA069B089A9C1A002313E70E9BDF
:10591000129AEB1AD31812930E95069C0025089B39
:1059200009E70E9A049943E71C2B8BD02022D31A47
:105930001C3380E7039B0993089B0B93002BB4DD7A
:105940000F9B002B00D107E1002C05DD3900220060
:10595000029800F05DFC07000397002D20D07968C5
:10596000029800F0D9F9041E0CD122002D4B2E48CC
:105970002E49FFF73EFB26003700ABE7039B089E4E
:105980000993F9E739003A690C31023292000C3080
:10599000FFF77BFA01222100029800F039FC039006
:1059A000059B0B9A0693013B9B1801220E93109BBB
:1059B00013400C9331000498FFF777FA3900050083
:1059C0000A90049800F090FC039A0B903100029822
:1059D00000F0A4FC0122C368040030350892002BBB
:1059E00004D10100049800F07FFC08902100029887
:1059F00000F0D4F9069B229A5C1C089B13430C9A76
:105A0000134315D1392D2ED00B9B002B01DD0A9DA0
:105A10003135069B1D7015E500002440330400005D
:105A20000000F07F5F9C0008049C0008EF0200006B
:105A30000B9B002B04DB229A13430C9A13431DD1BA
:105A4000089B002BE5DD04990122029800F0E0FBA1
:105A50003100049000F048FC002802DCD9D1EB07AB
:105A6000D7D5392DD3D1069A157023001C00013BE0
:105A70001A78392A51D001321A70E3E4089B002BBE
:105A800003DD392DEFD00135C3E7069B069A1D7063
:105A90000E9B93422CD000230A220499029800F016
:105AA000A3F9039B04909F4209D1390000230A22E5
:105AB000029800F099F90700039006947AE73900FC
:105AC00000230A22029800F08FF9002307000A221F
:105AD0000399029800F088F90390EEE700240B9BED
:105AE000A34200DD5C1E03970027059B0133E418E9
:105AF00004990122029800F08BFB3100049000F021
:105B0000F3FB0028B1DC01D1ED07AED423001C006B
:105B1000013B1A78302AFAD094E4059A9A42A5D12A
:105B2000099B059A01330993312313708AE4154BBD
:105B3000269A0593144BB24201D0FFF790FAFFF773
:105B400090FA229B012B00DC49E60120129D66E6BB
:105B50000B9B002B00DCA8E6002431000498FFF723
:105B6000A4F9059B303018550B9B01340500A34266
:105B7000B4DD00230A220499029800F035F904905C
:105B8000EBE7C046E09B0008E89B000810B5034B1C
:105B90000100186800F030F810BDC0461000002069
:105BA00010B5034B0100186801F0BCFB10BDC046E6
:105BB0001000002070B50F4C0E0021680500002970
:105BC00002D101F023FB20603100280001F01EFB10
:105BD000431C03D101246442200070BD0323C41C74
:105BE0009C43A042F8D0211A280001F00FFB01309D
:105BF000F2D1EFE718070020F7B50322CB1C93433F
:105C0000083305001F000C2B34D20C27B94233D8BF
:105C1000280000F071F8374E33681C00002C2FD19B
:105C200039002800FFF7C6FF0400431C5FD1346829
:105C30000094009B002B4AD19C4252D0236828003C
:105C4000E3180099019301F0E1FA019B834248D1E6
:105C500023682800FF1A3900FFF7ACFF013040D05D
:105C60002368DB19236033685A68002A33D1009B0C
:105C7000336019E0002BC9DA0C232B600020FEBD35
:105C80002168C91B20D40B290AD9E2192760A34235
:105C900004D1326063681160536005E05A60F9E72F
:105CA0006268A3420ED13260280000F02DF8200077
:105CB00007220B30231D9043C21A9842DFD01B1AD3
:105CC000A350DCE75A60EFE723006468A6E7009C76
:105CD00063680093ADE71A005B68A342FBD1002321
:105CE000DAE70C2328002B6000F00EF8C6E7076007
:105CF000DAE7C0461C07002010B5024801F0B1FAEF
:105D000010BDC0466408002010B5024801F0AFFA8B
:105D100010BDC0466408002070B5C46905000E00BF
:105D2000002C10D11020FFF731FF041EE86105D1CF
:105D300022006B21174B184801F0A4FA002343609E
:105D400083600360C360E368002B0BD12122042130
:105D5000280001F0BAFAEB69E060DB68002B01D1A2
:105D6000002070BDB2009B181868002805D002689A
:105D70001A6000230361C360F3E701210C00B44003
:105D8000621D2800920001F0A0FA0028E8D04660C9
:105D90008460EEE7ED9B0008709C000870B5C46954
:105DA00006000D00002C0FD11020FFF7EFFE0200BF
:105DB000F061A04204D18F21094B0A4801F062FA38
:105DC000446084600460C460002D07D0F3696A6891
:105DD000DB6892009B181A682A601D6070BDC0467F
:105DE000ED9B0008709C0008F7B50F0001900C00B7
:105DF0001E0000200D6914373B68013099B25143F1
:105E00001B0C534389190E0C9B191E0C89B21B04E1
:105E10005B1808C78542EFDC002E22D0A368AB4296
:105E200019DC616801980131FFF776FF071E05D183
:105E30003A00BA210C4B0D4801F024FA21002269E6
:105E40000C31023292000C30FFF71FF8210001984C
:105E5000FFF7A4FF3C002B1D9B00E31801355E609B
:105E600025612000FEBDC0465F9C0008709C0008B4
:105E7000F7B5060018000F0008300921019314003F
:105E8000FEF798FA0123002183420ADB3000FFF776
:105E900043FF011E08D10A00194B1A48D33101F003
:105EA000F1F95B000131EFE7089B436101230361D6
:105EB000092C08DC3D0009240A352700019B9F427C
:105EC00014DB0800FEBD3B0009331D0000933F19A1
:105ED0002B780A223000303BFFF786FF01350100A6
:105EE000BD42F5D1009B1D19083DE6E72B1BDB5D8C
:105EF0000A223000303BFFF777FF01370100DDE772
:105F00005F9C0008709C0008802203005202002061
:105F1000934201D21B04103080225204934201D2DA
:105F200008301B0280225205934201D204301B012B
:105F30008022D205934201D202309B00002B03DB6A
:105F40000130134200D1202070470368010007226E
:105F5000180010B5104013420DD001240020234238
:105F600005D10230034203D0E34020000B6010BD96
:105F70009B080B60FBE79AB2002A01D110201B0C92
:105F8000DAB2002A01D108301B0A1A0701D1043005
:105F90001B099A0701D102309B08DA07E9D45B0894
:105FA00001D00130E5E72020E1E7000010B50C004A
:105FB0000121FFF7B1FE002806D146210200044B63
:105FC0000448FF3101F05EF901234461036110BD13
:105FD0005F9C0008709C0008F0B50D6916690F0001
:105FE00014008BB0B54204DB33000C002E00170008
:105FF0001D0073190293A36872196168934200DA55
:106000000131FFF789FE0190002806D1B1214D4BE7
:106010004D48019A490001F035F9019B00221433E3
:106020009C4673199B0063440393634603998B4218
:1060300028D32300B600143314370693AD009B1900
:1060400004937B1909932300002204981533984286
:106050005241031B153B9B08009707920893009B36
:10606000099A934210D3029B002B05DD039B043B4E
:1060700003931B68002B60D0019B029A18001A61E1
:106080000BB0F0BD04C3D1E7009B186880B20028B4
:1060900023D067460025069E02CE3B6805938BB24F
:1060A00043431A006B46090C9B8A4143D318059A57
:1060B0005B19120C89181A0C8A189BB2150C120461
:1060C0001A43049B04C7B342E6D80023079A9A42B6
:1060D00001D0089B9B0063445D60009B1868000C26
:1060E00025D063461A68250066461100002714353E
:1060F0002B68090C9BB24343DB195B18190492B25D
:106100001143316080CD71683F0C47438AB2BA18A1
:106110001B0CD218049B170C0436AB42E8D80023A2
:106120000799994201D0089B9B0063445A60009BE9
:106130000433009304239C4491E7029B013B0293A8
:1061400091E7C0465F9C0008709C0008F7B50323E8
:10615000150007000C001A401D4208D02849013ADA
:106160009200525800232100FFF73EFE0400AB10BE
:10617000019342D0FD69002D11D11020FFF706FDDB
:10618000051EF86106D1B4212A001E4B1E48FF31BE
:1061900001F078F80023436083600360C360AE6859
:1061A000002E07D138001949FFF700FF0023060031
:1061B000A86003600122019B25001340019A521040
:1061C0000192002B0CD0210032003800FFF704FFB1
:1061D000290004003800FFF7E1FD019B002B0CD0E3
:1061E0003068002807D1320031003800FFF7F4FE94
:1061F0000023306003600600DCE72000FEBDC046DF
:10620000249D0008ED9B0008709C000871020000AE
:10621000F0B50C0016002369571187B0FB180293E4
:10622000013301934968A3680390019A934210DBFC
:106230000398FFF771FD00230200050019001432D6
:1062400098420CD1DF312A00254B2648FF3101F05E
:1062500019F801315B00E8E7980011500133BB42A7
:10626000FADBFB43DB171F40BF002300D2191F20BE
:1062700037002169143389000592591807400642F6
:1062800028D00130C01B049000201E689446BE40F8
:1062900006436046066001CB049E0432F0409942FA
:1062A000F3D8220015320023914203D30B1B153B78
:1062B0009B089B00059AD3185860002801D1029BC7
:1062C0000193019B039821002B61FFF767FD2800D4
:1062D00007B0F0BD40CB166004329942FAD8EEE721
:1062E0005F9C0008709C000830B50B6904690200CF
:1062F000E01A9C420ED19B0014321431D418C918F4
:10630000043C043925680B689D4204D001209D425D
:1063100000D2023830BDA242F2D3FBE7F0B50C0048
:1063200087B00090110020001700FFF7DDFF051E69
:1063300011D101000098FFF7EFFC0200A84204D140
:10634000434B4448444900F09DFF012345610361EC
:10635000100007B0F0BD0026B04203DA23003C0075
:106360001F00013661680098FFF7D6FC021E03D1BA
:10637000374B38483949E6E72369143400939B00CA
:10638000E318019314239C463B69BC449B0063447F
:1063900002930300C6600020143303930593049412
:1063A0006146049B20CB049308C9AEB28C4699B2D7
:1063B000711A09182D0C1B0C0814EB1A1B18181451
:1063C00089B21B041943059B02C30593029B6345D5
:1063D000E6D83B00029D153300219D4203D3EB1B01
:1063E000153B9B089900039B5B1861180E1D350037
:1063F00004330293039B1B1B0393019B9D4211D308
:10640000019801310023884203D3C31C9B1B9B08C6
:106410009B0002995B18043B1968002914D0009B6B
:10642000136195E7039B07009C46AC4408CD98B2E6
:10643000C01900141C0C0419DB1920149BB224048D
:10644000234364462360D8E7009901390091E2E7CD
:106450005F9C0008709C00083702000045020000A5
:1064600010B500240C4B0D4A0B409B18A34206DCD0
:106470005B421A15132A05DC80231B031341190004
:10648000200010BD143A01241E2A02DC80242406B8
:10649000D4400023F3E7C0460000F07F0000C0FCBA
:1064A000F7B50600036914369B00F3181D1F2C680E
:1064B0000F0020000193FFF727FD20231B1A1D4921
:1064C0003B600A2816DC0B2327001B1ADF403943E8
:1064D0009C460B000021AE4202D20199083909689E
:1064E0001530844060462700C1400F433800190032
:1064F00003B0F0BD0027AE4202D2019D083D2F68D7
:106500000B235B429C4684440B2810D0634620201A
:106510009C40C01A3B00C3401C4321430B00002198
:10652000B54201D9043D29686446A740DCE7214310
:106530000B00DBE70000F03FF7B5012116001F005C
:10654000FFF7EAFB041E05D12200254B254826490A
:1065500000F098FE3B037D001B0B6D0D02D08022E6
:10656000520313430193002E25D068460096FFF78F
:10657000ECFC009900281CD0019B20221E00121A5E
:1065800096403200C3400A4362610193019EA661B6
:10659000731E9E4101362661002D14D03526134B03
:1065A000ED18089B2D181D60099B361A1E602000EF
:1065B000FEBD6161EAE701A8FFF7C7FC019B012668
:1065C00063612030E7E70A4BC018089B1860094B4D
:1065D000F3189B00E3185869FFF796FC7601E3E790
:1065E0005F9C0008709C00080F030000CDFBFFFFBC
:1065F000CEFBFFFFFFFFFF3FF0B585B00F0002A904
:106600000600FFF74DFF04000D00380003A90094B9
:106610000195FFF745FF36690200B4463E696746BB
:10662000BE1B7601B446039F029E0B00F61B664418
:106630003705002E07DD791901910098019901F0C5
:106640003DFE05B0F0BDCB1BF7E7000010B5040020
:10665000172804DC074BC4001B1903CB10BD002016
:1066600005490022054B013C02F05EFA002CF8D1EE
:10667000F4E7C046809D00080000F03F0000244081
:1066800070B5140005000139136949110131890001
:1066900014349B004118E318A3420DD814001134A0
:1066A0000025A34203D39B1A113B9B089D000023A6
:1066B0004019884203D370BD40CC40C5ECE708C008
:1066C000F7E70200006910B514324B11984213DB52
:1066D0000CDD1F2408002040214207D099008C586F
:1066E0002100C140814001208C4204D19B00D3187D
:1066F000934203D8002010BD0300F7E7043B19685C
:106700000029F5D00120F6E7936810B5013B9360AE
:10671000002B04DA9469A34207DB0A2905D0136829
:10672000581C10601970080010BD00F03FFC0100FB
:10673000F9E7F8B506000F001400D518AC4201D1F6
:10674000002007E021783A003000FFF7DDFF013438
:10675000431CF3D1F8BD002310B5140092689A428F
:1067600005D0220000F058FA00220300A2600022A7
:106770001800626010BD0000F0B59FB00E00170059
:106780001C000290002804D0036A002B01D100F005
:106790000FFA736EDB0705D4B3899B0502D4B06D85
:1067A00000F05FFDB3891B0702D53369002B13D1BD
:1067B0003100029800F046FC00280DD0736EDB0714
:1067C00003D5012040421FB0F0BDB3899B05F8D42A
:1067D000B06D00F04CFDF4E7002306AD6B61203393
:1067E0006B761033AB7605943C002378002B01D0F8
:1067F000252B43D1E31B0393BC420BD03A0031005D
:106800000298FFF796FF013000D1A4E06B69039A6C
:106810009B186B612378002B00D19CE001220023A0
:1068200052426A6002AA533201342B60EB60AB60C3
:106830001370AB65544F052221783800FEF71AFB20
:106840002A68611C00281BD1D30603D520235327B7
:1068500002A8C355130703D52B23532702A8C355FA
:1068600023782A2B13D000200A21EB682278303AB3
:10687000092A4FD9002812D0EB6010E00134B4E7A8
:106880000123C01B834013430C002B60D2E7059B00
:10689000181D1B680590002B36DBEB600C0023787D
:1068A0002E2B0CD163782A2B39D1059B02341A1D6B
:1068B0001B680592002B01DA01235B426B60334FAA
:1068C000032238002178FEF7D5FA002806D04023AD
:1068D000C01B83402A68013413432B6021780622B1
:1068E0002B482976FEF7C6FA002843D0294800280D
:1068F00027D10722059B07339343083305936B6920
:10690000671C1B186B616FE75B42EB60022313434C
:106910002B60C3E74B43012001349B18A6E70023FB
:106920000A201A0001346B6021783039092903D913
:10693000002BC4D06A60C2E74243012301345218DD
:10694000F2E705AA009229003200134B0298FDF7E6
:10695000C5FE431CD3D1736EDB0705D4B3899B05F9
:1069600002D4B06D00F083FCB3895B0600D528E744
:10697000686928E705AA009229003200064B0298B0
:10698000FEF748F9E5E7C046CC9C0008D29C000819
:10699000D69C0008DD4600083367000810B5044C9B
:1069A00013000A0001002068FFF7E6FE10BDC04694
:1069B00010000020002310B50400036043608360D2
:1069C00081814366C28103614361836119000822AA
:1069D0005C3000F0A6FB0B4B246263620A4BA3629F
:1069E0000A4BE3620A4B23630A4B9C4205D00A4BD5
:1069F0009C4202D0094B9C4203D12000583000F049
:106A00002CFC10BD116F00083D6F0008756F000869
:106A1000A16F00082007002088070020F007002051
:106A200010B5034A0349044800F056FA10BDC046A9
:106A300060000020857500081400002041680B4BA1
:106A400010B50400994201D000F09CFDA168084BEC
:106A5000994202D0200000F095FDE168054B994273
:106A600002D0200000F08EFD10BDC046200700209F
:106A700088070020F00700204B6E10B5DB0705D417
:106A80008B899B0502D4886D00F0EBFB002010BDC4
:106A90004B6E10B5DB0705D48B899B0502D4886D3E
:106AA00000F0E5FB002010BD10B5094B094A042198
:106AB0001A6009480022FFF77DFF012209210748DB
:106AC000FFF778FF022212210548FFF773FF10BD80
:106AD00058080020216A00082007002088070020AD
:106AE000F007002010B5024800F0BBFB10BDC04607
:106AF0006708002010B5024800F0B9FB10BDC04681
:106B000067080020F8B50700FFF7ECFF254B1B686E
:106B1000002B01D1FFF7C8FF234EB4687368013B17
:106B200010D53568002D3AD1D62138004900FFF73D
:106B300063F80400A84226D13060FFF7DBFF0C2386
:106B40003B601CE00C22A55E002D1AD12000174BE3
:106B50005830E360656600F080FBFFF7CBFF200054
:106B6000082229002560A560656025616561A56131
:106B70005C3000F0D6FA6563A563A564E564200087
:106B8000F8BD6834CBE70423D02205602900250036
:106B900043600C30A060520000F0C3FA34602E0055
:106BA000BBE7C04658080020600000200100FFFF3E
:106BB00010B50400FFF796FF236A002B02D0FFF701
:106BC00099FF10BD044B2362044B1B68002BF6D1C8
:106BD000FFF76AFFF3E7C0463D6A00085808002047
:106BE00010B5FFF77FFF0020024A034900F074F957
:106BF00010BDC04660000020796A000810B5044A44
:106C00000449002000F068F9FFF774FF10BDC0468A
:106C100060000020916A0008F0B5936887B00C000E
:106C200002900492002B02D1002007B0F0BD8B89A6
:106C30001B0756D50B69002B53D0049B1B6801938F
:106C40000C22A35E02221E00164013426FD10122C5
:106C500001211A400B4200D1A5E030003700039615
:106C6000002F00D110E100280AD13A000A21039830
:106C7000FEF700F97E1C002802D0039B0130C61AE3
:106C80000596BE4200D90597206822696369904243
:106C900000D802E1A568059A5D19AA4200DCFCE073
:106CA00003992A0000F02AFA236821005B19029850
:106CB000236000F067FC002870D10120761B05D10D
:106CC0002100029800F05EFCB04267D1049B049A58
:106CD0009B685B1B9360A7D0039B7F1B5B1903938F
:106CE000BEE72100029800F0ADF90028A5D00120F0
:106CF00040429AE7019B1E685D6808330193002DAE
:106D0000F8D0724A2B00954200D913003200A76ACE
:106D1000216A0298B847002840DD049B049A9B68CA
:106D20001B1A936000D17FE736182D1AE7E700267B
:106D30003500E4E7019B1B680393019B5F68083300
:106D40000193002FF6D00C22A35E80229200A66849
:106D50002068134268D00596BE4261D89022D200C6
:106D600013425FD02169421A0320059262694243AF
:106D7000D50FAD18059A6D10501CC0192A00A842F5
:106D800001D9050002005B053CD511000298FEF711
:106D900033FF061E0AD10C23029A13604023A289F6
:106DA0001343A381A3E717000392CAE7059A216959
:106DB000FEF76BF8A289464B1A4080231343A38148
:106DC000059B2661F61826603E006561ED1AA560F8
:106DD0003D000597059A0399206800F08FF9A36894
:106DE000059A9B1BA36023689B182360049B049A4D
:106DF0009B685B1B936000D116E7039B7F1B5B19AD
:106E000003939EE7029800F0F3FA061ED8D1216999
:106E1000029800F087FA8022A3899343A381BAE7FE
:106E20003E00D5E73D00D5E72369834202D365697B
:106E3000BD4216D9BE4200D93E003200039900F08F
:106E40005DF9A36822689B1B92193500A36022603C
:106E5000002BCBD12100029800F094FB0028C5D074
:106E60009CE7802338001B069F4200D31948290065
:106E7000FDF7A0FA2B00A66A4343039A216A029801
:106E8000B047051EB2DC89E7019B00201B68039315
:106E9000019B5F6808330193E2E6059A934208DCA0
:106EA000A56A039A216A0298A847051E00DD04E737
:106EB00074E7059A039900F021F9059AA368150073
:106EC0009B1AA36023689B182360F6E600FCFF7FF3
:106ED0007FFBFFFFFFFFFF7FF7B514000026009048
:106EE0000191A5686768013F04D52468002CF8D19A
:106EF0003000FEBDAB89012B08D90E22AB5E0133F9
:106F000004D029000098019B984706436835EAE7BA
:106F100070B50C000E25495F00F064F9002803DB12
:106F2000636D1B18636570BDA389024A1340A3817A
:106F3000F9E7C046FFEFFFFF00207047F8B51F00DC
:106F40008B8905000C001600DB0505D50E23C95EF4
:106F50000022022300F032F9A389054A28001340D9
:106F6000A38132000E23E15E3B0000F061F9F8BD21
:106F7000FFEFFFFF70B50C000E25495F00F01EF912
:106F80000C22A35E421C03D1044A1340A38170BDAE
:106F9000802252011343A3816065F8E7FFEFFFFFF2
:106FA00010B50E23C95E00F0F7F810BDF8B5050066
:106FB0000F001400002804D0036A002B01D1FFF752
:106FC000F7FDA369A360A3891B0702D52369002BE2
:106FD00009D12100280000F035F8002803D001264F
:106FE00076423000F8BD23692068C01A6369834285
:106FF00005DC2100280000F0C5FA0028EFD1A368C5
:107000000130013BA3602368FEB25A1C22601F704E
:107010006369834204D0A389DB07E2D50A2EE0D15D
:107020002100280000F0AEFA0028DAD0D7E70000EF
:1070300010B5034B0A0001001868FFF7B7FF10BD39
:10704000100000202C4B70B5050018680C000028BB
:1070500004D0036A002B01D1FFF7AAFD0C22A35E26
:107060001A0721D4DA0607D409222A604022012017
:107070001343A381404238E05A0712D5616B0029BF
:1070800008D023004433994202D0280000F04AF986
:10709000002363632422A389934300226260226950
:1070A000226008221343A3812369002B0BD1A02364
:1070B0008022A1899B0092000B40934203D02100C3
:1070C000280000F0E9FA0C22A35E01211A000A4010
:1070D0000B420BD00022A26062695242A2610020E2
:1070E0002269824201D11A06C0D470BD990700D42A
:1070F0006269A260F3E7C0461000002010B5884224
:1071000002D98B18984209D300239A4208D0CC5C4C
:10711000C4540133F9E7013A8B5C8354002AFAD155
:1071200010BD03008218934200D1704719700133DB
:10713000F9E7000070B5151E05D010000A4900F0EF
:1071400097F8002801D1094870BD2800074900F0D0
:107150008FF80028F7D02800054900F089F80028AA
:10716000F1D00020F0E7C046DF9C0008DD9C00085D
:10717000229D00089422024B5200985C7047C04642
:107180006C00002010B5034B0A0001001868FFF7DF
:10719000D1FF10BD10000020002370B5064C050083
:1071A00008002360FCF7BDFF431C03D12368002BBC
:1071B00000D02B6070BDC0461407002070B50500DC
:1071C000080011000022064C22601A00FDF704F8A6
:1071D000431C03D12368002B00D02B6070BDC04638
:1071E0001407002070B50500080011000022064CAD
:1071F00022601A00FDF778F8431C03D12368002BA6
:1072000000D02B6070BDC04614070020002370B56D
:10721000064C050008002360FDF734F8431C03D139
:107220002368002B00D02B6070BDC04614070020DF
:1072300070B50500080011000022064C22601A00FB
:10724000FDF78EF8431C03D12368002B00D02B6080
:1072500070BDC046140700207047704770477047E4
:107260007047704701207047012070477047704792
:1072700002780B78002A03D0013001319A42F7D00E
:10728000D01A70477FB514001A00094B06001B681E
:10729000D868084B002C01D1074B1C0001930091CA
:1072A00033000649029400F0BDF900F053FAC046DD
:1072B00010000020E79C0008229D0008F49C0008B4
:1072C000130010B50022FFF7DDFF70B50B0C150C95
:1072D000002B1ED19D420CD189B294B24C432100A7
:1072E000FEF78AFC051E1BD022000021FFF719FFC4
:1072F00016E02B1C0C1C89B292B2A4B24A439BB27A
:107300006343140C1C19230C07D1240492B21443B8
:10731000E5E7002D01D1141CEDE70C2300250360E7
:10732000280070BD70B50500002910D00C1F23681F
:10733000002B00DAE4182800FEF7DEFC1D4A136873
:10734000002B05D1636014602800FEF7DDFC70BDE2
:10735000A34208D9206821188B42F3D119685B68D1
:1073600009182160EEE71A005B68002B01D0A342E8
:10737000F9D911685018A0420BD12068091850188B
:1073800011608342E0D118685B6841181160536056
:10739000DAE7A04202D90C232B60D5E72068211838
:1073A0008B4203D119685B680918216063605460DF
:1073B000CAE7C0461C07002037B5069D024C009561
:1073C0002468A0473EBDC0465001002082B000297D
:1073D00000D101A9101E06D0002B06D013780B6037
:1073E0001078431E984102B0704702204042FAE7ED
:1073F000F7B506000C001500002905D11100FEF7B5
:10740000FBFB04002000FEBD002A03D1FFF78AFF2A
:107410002C00F7E700F0A5F90700854202D84308E1
:10742000AB42EFD329003000FEF7E6FB01900028C5
:1074300001D1019CE6E72A00BD4200D93A002100B3
:107440000198FDF722FD21003000FFF76BFFF0E708
:1074500010B5024C2468A04710BDC0464C01002066
:107460000B1E04D0FF2A04D98A2303608B3B18002B
:10747000704701230A70FAE7F7B50C228B5E05000E
:107480000C001A0757D44A68002A02DC0A6C002A4A
:107490004FDDE76A002F4CD0002280212E682A6041
:1074A0001A0049010A400B4234D0626DA3895B0780
:1074B00006D56368D21A636B002B01D0236CD21AF5
:1074C00000232800E76A216AB8470C23E25E431CC8
:1074D00006D129681D2947D8294BCB40DB0743D566
:1074E0000023636023692360D20405D5431C02D1C5
:1074F0002B68002B00D16065616B2E60002918D0CD
:1075000023004433994202D02800FFF70BFF0023E9
:1075100063630EE001232800216AB8470200431C80
:10752000C4D12B68002BC1D01D2B01D0162B1AD132
:107530002E6000201DE00E69002EFAD00F680E604C
:10754000BA1B019200229B0700D14A69A260019BED
:10755000002BEEDDA36A32001F002800019B216A88
:10756000B847002806DCA289402301201343A381E9
:107570004042FEBD019B36181B1A0193E7E7C04647
:10758000010040200B6970B505000C00002B02D1F2
:107590001D00280070BD002804D0036A002B01D113
:1075A000FFF706FB0C22A35E002BF1D0626ED20720
:1075B00004D49B0502D4A06DFFF753FE28002100E0
:1075C000FFF75AFF636E0500DB07E2D4A3899B0532
:1075D000DFD4A06DFFF74BFEDBE70000010010B524
:1075E000002805D1054A06490648FFF775FC10BD7D
:1075F000054B1868FFF7C6FFF9E7C046600000209A
:107600008575000814000020100000200CB407B598
:1076100004AB04CB0193FFF7AFF803B008BC02B092
:10762000184700000EB417B5054C05AB04CB01009C
:1076300020680193FFF7A0F81EBC08BC03B01847F0
:107640001000002070B50E001D000E23C95E14004E
:1076500096B000290CDA80210B00B2891340114248
:1076600014D18022D20000202B60226016B070BDA1
:107670006A4600F04BF80028EDDBF022019B120275
:107680001340044A9B185A425341EAE70023402220
:10769000E9E7C04600E0FFFFF7B502258B89060049
:1076A0000C001D4206D023004733236023610123D1
:1076B0006361F7BD6A4601ABFFF7C4FF009F30006E
:1076C0003900FEF799FA0C22A35E002806D19A052C
:1076D000EFD4032293431D43A581E4E780221343A3
:1076E000A381019B206020616761002BE1D0300005
:1076F0000E23E15E00F01CF80028DAD00323A289F3
:107700009A43023B1343A381D3E70000002370B5E3
:10771000064C0500080011002360FCF729FD431CFE
:1077200003D12368002B00D02B6070BD140700200C
:10773000002370B5064C050008002360FCF78EFDA1
:10774000431C03D12368002B00D02B6070BDC046C2
:1077500014070020062010B500F084F80120FCF783
:10776000DBFC0B1F1B68181F002B01DA0B58C0181D
:10777000704770B5C56B0400002D0AD18021FEF75B
:107780003BFAE063A84206D00300803320C0984251
:10779000FCD1002070BD01204042FBE770B5040021
:1077A0000D0016001F2904D9162303600120404252
:1077B00006E0C36B002B04D0E36BAD0058595E515B
:1077C00070BDFFF7D6FF0028F6D0EFE770B50400D4
:1077D0000D001F2904D9162303600120404270BD0B
:1077E000C36B002B04D08A009B181A68002A08D1AA
:1077F000200000F06FF82A000100200000F058F887
:10780000EDE7012A09D0511C03D1162303600120A2
:10781000E5E700212800196090470020DFE770B5F8
:1078200004000D001F2902D90120404270BDC36B26
:10783000002B12D0E26BAB00D21813680120002B92
:10784000F4D00220591CF1D00130012BEED00024DD
:107850002800146098472000E8E7FFF78AFF002817
:10786000E8D0E1E710B5034B01001868FFF7AEFF61
:1078700010BDC0461000002010B5034B0A000100E7
:107880001868FFF78BFF10BD1000002010B5024BE9
:107890001868FFF76EFF10BD1000002010B5034BF5
:1078A00001001868FFF7BBFF10BDC04610000020A4
:1078B000002370B5064C0500080011002360FCF79A
:1078C0006BFC431C03D12368002B00D02B6070BDE0
:1078D0001407002010B5FCF759FC10BD02B4714626
:1078E00049084900095C49008E4402BC7047C04603
:1078F00003B47146490840004900095E49008E44BE
:1079000003BC7047002243088B4274D303098B42A7
:107910005FD3030A8B4244D3030B8B4228D3030C5F
:107920008B420DD3FF22090212BA030C8B4202D301
:107930001212090265D0030B8B4219D300E0090A29
:10794000C30B8B4201D3CB03C01A5241830B8B4232
:1079500001D38B03C01A5241430B8B4201D34B031B
:10796000C01A5241030B8B4201D30B03C01A524180
:10797000C30A8B4201D3CB02C01A5241830A8B4205
:1079800001D38B02C01A5241430A8B4201D34B02EE
:10799000C01A5241030A8B4201D30B02C01A524152
:1079A000CDD2C3098B4201D3CB01C01A5241830906
:1079B0008B4201D38B01C01A524143098B4201D340
:1079C0004B01C01A524103098B4201D30B01C01A6B
:1079D0005241C3088B4201D3CB00C01A52418308E5
:1079E0008B4201D38B00C01A524143088B4201D312
:1079F0004B00C01A5241411A00D201465241104672
:107A00007047FFE701B50020FCF7BEFD02BDC04690
:107A10000029F7D076E770478446100062468C460E
:107A20001900634600E0C0461FB501F013F80028B6
:107A300001D40021C8421FBD10B500F057FF4042DD
:107A4000013010BD10B501F005F8002801DB002061
:107A500010BD012010BDC04610B500F0FBFF00288E
:107A600001DD002010BD012010BDC04610B500F0A2
:107A700087FF002801DC002010BD012010BDC0469A
:107A800010B500F07DFF002801DA002010BD0120B4
:107A900010BDC046F0B54746CE4680B583B00090D5
:107AA00001910E034D0001995F00CC0F710A009EF9
:107AB0006D0D760F0E43009900920193C8001903D3
:107AC000019B7F0DDB0F9C464B0A0099490F194320
:107AD000009BDB009846EB1B644565D0002B14DD52
:107AE000002F00D0AEE00F004246174300D14DE119
:107AF0005A1E012B00D1C9E2AF4FBB4200D121E297
:107B0000382A00DD58E2130061E1002B00D1A9E022
:107B10007B1B002D00D0D7E13400044300D18AE262
:107B20005C1E012B00D125E3A34DAB4200D1CFE277
:107B3000382C00DC7FE34246013A91469045924161
:107B40008E1864461D00320261D501235B429946BE
:107B50009A4E300001F05AFF0300083B48462021AE
:107B60000700CA1AD7409E4098403A0081463243E7
:107B70000600AB4200DADDE1581B33000130091A80
:107B80008B40C6405D1EAB4117008F4033431F43FF
:107B9000C2403B001600134300D117E27B0700D020
:107BA0005FE1A446380082E0002B00DCCCE0002F2F
:107BB00000D08AE00F004246174300D1E6E05F1E86
:107BC000012B00D146E27C4A934200D1BAE1382F22
:107BD00000DCE0E2421C9146802212041D001642A5
:107BE00015D01600744B01359D421DD0744A0121F9
:107BF00016404A4653081140F7070B431F437608C7
:107C00005B0709D00F23B9463B40042B04D04B46F9
:107C10001F1D4F459B41F61A330200D487E0664A88
:107C20000135954200D085E02B00002600271B057A
:107C30003343E40723433800190003B0C0BCB946FE
:107C4000B046F0BD5C4FBD4200D12EE2382B00DCC7
:107C5000BAE0431E9842804136189946330200D557
:107C600073E7D4E7574F6B1C3B4200D04EE1330023
:107C70000F00424603431743002D00D0E0E1002BE4
:107C800000D119E2002F00D11CE2821A9042AD41CE
:107C9000731A5B191D0200D4E3E24346181A8045AB
:107CA000924107008E1BB618374300D1F1E26446BB
:107CB000070001233100804632023DD443464F077E
:107CC000DA0817430023CD08F9E03B4FBD4200D14D
:107CD00038E1382B00DD53E180273F0439431F2B67
:107CE00000DD02E22027FA1A0F0094469740424630
:107CF000DA401743B9466246474697403A00D940B2
:107D0000571EBA414F4676183A43131883428041B2
:107D10009946361A330200D564E74A46530700D124
:107D2000BBE20F231340042B00D070E74F462B001B
:107D3000F8082CE06B055B0D214AFF08164072071E
:107D400076021743360B72E7002B00D194E07B1BC1
:107D5000002D00D01DE13500054300D14EE25D1E2F
:107D6000012B00D13BE2144A934200D1D0E1382DDF
:107D700000DC8CE2424601329146802212041D0052
:107D80001600114200D02DE70E0040E7C008720730
:107D90001043094AF508934200D08BE107002F43B6
:107DA00007D0802636032E4336030700024B360BDE
:107DB0003DE70026004B3AE7FF070000FFFF7F008A
:107DC000FFFF7FFFFE07000080273F0439431F2B82
:107DD00000DDBCE02027FA1A0F00974094463A00D5
:107DE0004746DF403A4391464746624697403A004D
:107DF000D940571EBA414F46761A3A43831A9842E1
:107E0000804199463618330287D57602760A002ECD
:107E100000D09EE6484601F0F9FD030018331F2B01
:107E200000DC9BE64A46083882409D4200DDA1E026
:107E30005B1B581C1F2800DC0FE217001F3BDF40B4
:107E4000202805D040231B1A9A40531E9A411743FD
:107E5000002F6CD007231900B84639403B4200D1AF
:107E60002CE70F233B40042B00D03BE10025033BD4
:107E7000320200D560E75AE7C84F6B1C3B4200D086
:107E8000B3E033000343002D00D055E10F0042461C
:107E90001743002B00D1C9E1002F00D112E1821855
:107EA000824280417618361A330200D5E0E117008D
:107EB00037433CD00023D20877071743F5082E0339
:107EC0005B05360B5B0DB2E6B54CA74200D1FFE077
:107ED000382B7EDC8024240426431F2B00DD1DE18B
:107EE00020253400ED1A0200A840AC40DA40451EBF
:107EF000A841DE4014432043891B43461B1A984582
:107F00009241994664463D008E187CE74346C71A65
:107F1000B946B842BF41731A7F42DB1B1F0200D52E
:107F200080E04F461E001F4300D070E7002400236E
:107F300000267CE69B4EED1A16400200430700D057
:107F4000EFE6F3E67207C0081043F50826E71F00C6
:107F50000A00203FFA409446202B05D04027FB1A08
:107F6000994043460B4398464246531E9A41634606
:107F70001A4343E7EB1A8B4D15406F07ED089EE758
:107F8000431C994680231B041E4200D13FE61E007D
:107F900028E6834DAF4200D1BAE0382B00DC03E184
:107FA00043460133994680231B043D001E001942BD
:107FB00000D017E60E002AE6421E90428041361895
:107FC00091461D00320200D5BFE520E600270026BD
:107FD0002DE64346013B984592418E1899466446EA
:107FE0003D00330200D5B0E511E66D4DAB4200D146
:107FF0001BE642468218824280417118091AC8075E
:108000005208104381464E08520700D148E10F2222
:108010001D000240042A00D0F9E5C2087707174383
:108020000D094CE743461B1A984592418E1B994611
:108030006446B618EBE6424664460E00D008A6E653
:10804000002B00D0DEE0002F42D180260024544BCC
:108050003603ECE583188342804175182D1A2A02F5
:1080600000D4C5E04F4A5B081540EA071A43690887
:108070005B0700D119E10F231340042B00D100E16D
:10808000171D9742B64102258E1B50E64346C21A81
:1080900090428041761A36189146330220D4D30894
:1080A00077071F43F508012309E7C0087307184342
:1080B000F50873E6070002E7002F00D136E76446B3
:1080C0000E004046C008770700230743F508F6E690
:1080D00043464807DA0864461043CD085EE6644626
:1080E000012592E6B946002591E51F000A00203FD0
:1080F000FA409446202B05D04027FB1A994043466E
:108100000B4398464246531E9A4163461A43FCE588
:1081100043464807DA081043CD083FE61C00350007
:10812000203CE540202B03D04024E31A9E403043FE
:10813000431E98412843E0E6002BE9D07307C008AE
:10814000424618430B00F508134300D126E680236E
:108150001B031D4206D0CE081E4203D13500D008B5
:1081600049070843430FC000ED00C0085B071843F0
:10817000ED0813E643461B1A984592418E1BB6182C
:10818000994619003302AAD4CB0877071F436446E7
:108190000123F50893E63B00A1E5C046FE07000079
:1081A000FF070000FFFF7FFF80252D042E431F2BBC
:1081B00043DC2025EA1A3500944695400200DA4057
:1081C000154362469040DE40421E90418919284383
:1081D00040444045924181463D008E1A9AE5030095
:1081E0004344434592417518AD1A2A0200D539E738
:1081F0006F07DB081F43ED08012360E642460E00CF
:10820000D008C4E5C00873071843F508002F00D153
:10821000C4E580231B031D42A4D0CE081E42A1D179
:10822000D00849076446350008439BE7002F00D07B
:1082300044E50026FBE423004FE61D003200203D0C
:10824000EA409446202B03D04025EB1A9E40304351
:10825000431E984163461843BAE720210023091AB8
:1082600092E4170010001E001F4300D02AE75DE6CD
:10827000114BD2081E407707760201231743360BB5
:10828000D5E4D708490702230F432D0917E62B0031
:108290008DE7644600230026C9E42B00D00876E56C
:1082A0007707C20817430D0909E6D20849071143A9
:1082B0000F0002232D0902E6FFFF7FFFF0B54546C0
:1082C000DE4657464E460400E0B50D0089B00094E6
:1082D00001951F00019B16001B03190B019A019BBE
:1082E000D20F5B0080460C0093465B0D00D1C1E0CD
:1082F0008E4A934234D0009C019DC900620F0A430C
:10830000802109041143E2009046894A00249B1809
:108310009A460023039100933B03190B7A00300027
:108320008946520DFD0F002A00D17FE07F4B9A4213
:108330006ED0C900730F0B4380210904194389468D
:108340007B49F300521851468A1A924600215E4634
:108350006E400F2C00D9FBE0764AA40012599746D4
:108360000A0000990A43039200D0B7E09A4602231C
:10837000904608240093CFE72E000021002300221E
:1083800088461B051343F60733434046190009B0DE
:10839000F0BCBB46B246A946A046F0BD039B5D4675
:1083A000994643460099022900D1F5E1032900D1FD
:1083B000A1E00129E0D054465F4AA4180494002C9F
:1083C00000DCFAE15A0704D00F221A40042A00D038
:1083D00076E22E00DA084946CB0107D5574B194003
:1083E000894680215346C9005B180493544B049975
:1083F000994208DC484643071343984642024B051E
:10840000120B5B0DBDE7002100228846474BB8E701
:1084100052460B004B49334352189246002B58D119
:108420000222144300220221914690E70B003343BD
:1084300049D0002900D19EE1080001F0E7FA0B23A2
:108440005B429C460200844411004846083988403B
:108450001D23814660461B1A3000D8400300484661
:108460000343994633008B40374952445218924691
:1084700000216CE70A0000990A4303921CD0002CEB
:1084800000D168E1200001F0C1FA02000B381D2381
:108490001B1A009811002500D84008398D400300B0
:1084A0002B430393009B8B409846284B00249B1A38
:1084B0009A46002300932FE7002398469A460133FB
:1084C0000424009328E7012214430022012191464D
:1084D0003DE7032303211C43330038E79A46032377
:1084E000039400930C2417E700238022984600266B
:1084F0000E4B120345E78022494612030A4312033A
:1085000098462E00094B120B3BE780220399120379
:10851000114202D049461142F0D08022039B12033F
:108520001A4312035E46014B120B2AE7FF070000B5
:1085300001FCFFFF4C9F0008FF030000FFFFFFFE50
:10854000FE07000001F8FFFFF30300000DFCFFFF32
:108550000399894500D2F5E000D1F0E05246013A96
:10856000924600224446904603984A461F0E120245
:1085700017431B0203933B04110C1B0C00938B4607
:10858000FFF746FA009A0B044243210C05001943F9
:108590008A4207D9C919013D8F4203D88A4201D9BD
:1085A000851EC919881A5946FFF732FA009A240421
:1085B00042430904240C03000C43A24204D9E419E9
:1085C000013BA74200D8F2E00399A01A2D040C0C3D
:1085D00009041D43090C2A0C2B04A9460D001B0C91
:1085E0005D43079163435143069462435B182C0C2F
:1085F000E318994202D9802149025218190C2D041E
:108600001B042D0C8A185D19904200D284E000D121
:108610007FE043465D1BAB429B415446801AC01825
:10862000AD4BE4180494874200D1FBE05946FFF7B4
:10863000EFF90200009B05905A430B04290C1943E3
:108640008A4209D9431EC91905938F4204D88A4228
:1086500002D9831E0593C919881A5946FFF7D8F91C
:108660000A04944603002A0465460099120C5943F3
:108670002A43914207D9D219013B974203D891422C
:1086800001D9831ED219521A0599079809040500C9
:108690000B43190C8C461904090C4D43884661465E
:1086A000AB466546484306994D43AC46454669434B
:1086B0005D4609182D0C4919884202D980204002D4
:1086C00084445D46080C2D0409042D0C60444D19AA
:1086D000824211D30DD001221343804A92456DDBB3
:1086E0001A1D9A429B41D2085B42CC469C44E1460B
:1086F00071E6002D00D193E0591EBA188C46BA429B
:1087000000D285E0824200D2C4E000D1D1E00B006B
:10871000E1E7A84500D37CE74B46013B0493434681
:10872000039C1B199846A3429B41FB1AC018874221
:1087300038D282427DD87AD0049B994669E7434576
:1087400000D90BE74146039AD40750084A0814435E
:10875000CA07904609E701F059F9020003001530F5
:1087600020321C2800DC92E60099083B9940002347
:108770000391984699E601F049F915239C468444F3
:108780000200634620321C2B00DC5DE63100083815
:1087900081400023894667E600212E00002288469A
:1087A0004F4BEEE58742C7D14445C5D8C1E7A24249
:1087B00000D809E7831EE41906E72E0022003732AD
:1087C00000DADAE522001E323FDB4D460122504638
:1087D0004449121B40181C00290083408140D440AA
:1087E000581E8341D54021430B432A00590708D026
:1087F0000F211940042904D0191D99429B41EA1AFE
:108800000B00110263D50021012300228846B8E540
:108810000B00824200D05EE7039A954200D05AE7EF
:108820003500CBE5002C41DD002201235DE7454505
:1088300082D94B46023B9946434603995B189846BA
:108840008B429B41FB1AC018E3E648461F220100F9
:108850005242121BD1401F3404D05246224C1219EE
:10886000904003435A1E934107200B43010000220E
:108870001940184209D00F21194004291ED0181D93
:1088800098428941030049424907DB080B43984657
:10889000002376E50399023B49008C4603998C45F9
:1088A0008941791A521861460391B2E701235B426C
:1088B00084E70399A942EDD36346ADE70021E4E7DD
:1088C0001A1D9A429B412E005B42D2080DE75107C8
:1088D0005202120BD9E7C046FF03000002FCFFFF63
:1088E000FF0700001E0400003E040000F0B54546EE
:1088F000DE4657464E460C03E0B51F00230B4C00E6
:108900009846630D9C463C03CB0F1C4D16009B46BE
:1089100083B0220BFB0F7C00640D0193AC450FD09C
:10892000AC420BD079400125490017D0280003B094
:10893000F0BCBB46B246A946A046F0BD0125F5E70E
:1089400001256445F2D14346134333430343EDD13C
:108950005B46019A9D1A6B1E9D41E7E78642E5D171
:10896000019A934507D08C45E0D142463243531ECD
:108970009A411500DAE70025D8E7C046FF07000056
:10898000F0B557464E464546DE46E0B50D000903B4
:10899000090BDF0F8C46B946E90F2D4F04008346C3
:1089A00088466E00190358009246760D090B400D5B
:1089B000BE421CD0B8420DD0002E2AD166463443A8
:1089C000002823D10A4334D0002C3ED14B46580016
:1089D000013815E0114335D1002E02D163462343FF
:1089E000F4D0C84508D143465800013808E067462E
:1089F000274327D1B0421FD0434601205B42184392
:108A0000F0BCBB46B246A946A046F0BD002CDDD066
:108A1000E7E70028F0D0C845EED18642ECDCE2DB87
:108A20008C45E9D8DFD1DA45E6D30020DA45E7D92D
:108A3000D9E7002CE4D0DFE7114303D1C845DBD1EF
:108A40000800DDE702204042DAE7C845E8D0D3E776
:108A5000FF070000F0B557464E464546DE46E0B5F6
:108A60000D000903090BDF0F8C46B946E90F2D4FA6
:108A70000400834688466E00190358009246760D1E
:108A8000090B400DBE421DD0B8420DD0002E27D19B
:108A900066463443002831D10A4332D0002C3DD100
:108AA0004B465800013815E0114312D1002E02D177
:108AB00063462343F4D0C8451CD0434601205B42A3
:108AC000184307E06746274303D1B042F5D111436D
:108AD0001AD00220F0BCBB46B246A946A046F0BD63
:108AE0000028EAD0C845E8D18642E6DC02DB8C45A6
:108AF000E3D80DD0434658000138EBE7002CCFD027
:108B0000D9E7002CE6D0D8E70800C845E2D0D4E782
:108B1000DA45D2D30020DA45DCD9EBE7C845E6D008
:108B2000CBE7C046FF070000F0B557464E46454626
:108B3000DE46E0B50D0004001F000B03190B160004
:108B400087B06B00EA0F89469246009401955B0D51
:108B500000D1B7E1D54A934200D11DE1C900420FCF
:108B60000A43802109041143C2009046D04A894635
:108B70009B189B460023002502933C037A00FB0FC1
:108B80003000240B520D009300D170E1C74B9A4284
:108B900000D155E1DC46C64BD2189444E3460A2D79
:108BA00000DD0AE1730FE4001C4380231B04234310
:108BB000F0005246009900264A409246022D11DDEF
:108BC0000122AA40A6211400C9000C400A4200D08C
:108BD000F3E0902189000A4200D0C4E188211142CB
:108BE00000D0E5E041460C0C0904020C090C0F0012
:108BF00015000004000C654347430395B8462F0059
:108C00000D0006005543AC46454666432D0CB44462
:108C10006544AE4204D93E0080277F02F6190396D0
:108C200047463F043F0C2E0C2D04ED1904951D0CF6
:108C30001B041B0C00934B431F00009B69436343C1
:108C40009C463B0C6144C9186C438C4502D9802377
:108C50005B02E4183F040B0C3F0C0904C919E4182B
:108C6000731805934B461E04360C1F0C3300434308
:108C70009C463B00534302936346784372431B0C6C
:108C80001218D218904204D9802302985B02C018AF
:108C90000290029B100C1B180293634618043300C9
:108CA000000C1204121800986E4343439C460300C4
:108CB00060467B436F43F618050CAD19AB4202D9F1
:108CC00080235B02FF18039B059E2804F618634669
:108CD0008E4289411B041B0CC3181B1949425818AA
:108CE0008446B618A3429B418C45894196429241E5
:108CF00002984942604400905B4252420B43009C00
:108D000002998018904292418C4289412D0C49422F
:108D100052420A435B199B18DB19C20D5B0204998E
:108D20001A43914672020A43511E8A41F60D1643B8
:108D300031004202114308008846DB0156D45A46EE
:108D40005C4BD218002A00DC13E14B0716D00F2130
:108D50005B460140042911D04146081D4045894128
:108D6000CC4649428C44E14680464846C10105D57F
:108D7000514A104080228146D2009A184F4B9A42A5
:108D800000DD25E1494643464C07DB081C435205FC
:108D90004B021B0B520D1BE00A0000990A43904640
:108DA00000D0DAE09B460223914608250293E4E6D0
:108DB000009A9946924680460296029B022B00D169
:108DC00006E1032B33D0012B1AD10022002300240B
:108DD00012051A435346DB071A432000110007B05F
:108DE000F0BCBB46B246A946A046F0BD01224B08E6
:108DF0000A4049461343CA07134398464B0899460D
:108E000080215A46C900531C5218002A00DCB1E0E8
:108E100040464107A9D00F21014004299CD1A4E775
:108E20000F2D00D1F7E0009BA1469A468046802393
:108E30004A461B0313431B0344461C4A1B0BC7E74C
:108E400059463300194E234389198B46002B72D1A2
:108E5000022129430A29B0DC5046009C604082462A
:108E6000002D00D107E10D0000200226A8E6230016
:108E7000334351D0002C00D1BEE0200000F0C6FDED
:108E800002000B381D231B1A3000D84011000300CC
:108E9000300008398C408840234359468A1A0849D3
:108EA000521893460A2D00DC83E686E7FF07000090
:108EB00001FCFFFFFF030000FFFFFFFEFE070000B5
:108EC0000DFCFFFF0A000B0000990A4390461CD0DE
:108ED000002B00D180E0180000F098FD02000B3854
:108EE0001D231B1A009811004D46D84008398D40AB
:108EF00003002B439946009B8B409846624B00250C
:108F00009B1A9B460023029337E6002399469B4613
:108F100001330425029330E6012215430A2D00DDBA
:108F20004BE7524600994A409246022D00DC4CE73E
:108F30000020012644E603231D430A2D00DD6FE7D0
:108F40005346009A882153400122AA409A4603269C
:108F50002300114200D145E62AE79B4603238046C1
:108F60000C25029309E600239A468023474A1B03F7
:108F70002EE75B461100373100DA26E711001E317B
:108F800058DA48461F2104004942891ACC40210082
:108F90001F3205D03E4A9B189840424602439046F5
:108FA0004246531E9A410A4307210C0000231440F5
:108FB000114209D00831114004295FD0111D91429E
:108FC000A4410A0064426407D20814430022FFE669
:108FD000002300242D4AFBE600F018FD02000300E8
:108FE000153020321C2800DC7AE7002188460099E1
:108FF000083B9940894681E700F008FD0200030024
:10900000153020321C2800DC3CE73100083B994039
:1090100000200B0041E780234A461B031A4200D17F
:1090200005E71C4200D002E7009A23439246040061
:10903000164ACDE60121891A164A48469B1842462F
:109040009840CA40104342469A40531E9A414B46AC
:109050000243CB40510708D00F211140042904D00E
:10906000111D914292419B1A0A00190208D5012252
:1090700000230024ACE600230024A9E60024A3E793
:109080005C075B021B0B9FE70DFCFFFFFF07000067
:109090003E0400001E040000F0B557464E4645460B
:1090A000DE46E0B50C0383B0009201934D00CB0F78
:1090B000610A440F9846009A019B0C431903019BD7
:1090C000C0005F007B0D9C46019B8346DE0F4B0A70
:1090D00000996D0D490F1943009BDA00BF4B924672
:1090E00099469C456BD0012347465E406346EB1A88
:1090F000B74216D0002B00DC91E26646002E00D06D
:109100007AE00E00164300D132E15E1E012B00D141
:1091100099E24B4500D1E5E1382E00DD23E2330032
:1091200036E1002B00DCE1E26646002E00D0F0E0E4
:109130000E00164300D11BE15E1E012B00D152E24E
:109140004B4500D1CEE1382E00DC20E38022120412
:109150001D00471C144214D01400A04B01359D4241
:109160001CD001219E4A7B0814403940E0070B4384
:10917000184364085B0709D00F2307000340042B42
:1091800004D0381DB842BF417F42E419230200D405
:1091900021E1924A0135954200D0DFE02B00002406
:1091A000002742461B052343D607334338001900E6
:1091B00003B0F0BCBB46B246A946A046F0BD894B01
:1091C000EF180B0013434DD0B0454FD0002F6DD09A
:1091D000002D00D18BE1B0464807D2081043CD08DE
:1091E00007002F4300D1CDE0802424032C43240327
:1091F00007007A4B240BD4E74D4500D131E2382BE0
:1092000000DCC2E0471EB842804124182302B8D5D2
:109210000127754C7F42200000F0F8FB0300083B5B
:1092200020213800CA1AD0409C4002009F402243AF
:10923000AB4200DA4FE1581B0130091A3C008F4065
:10924000C4407B1E9F4113008B4027431F43C240F5
:109250003B001400134300D18EE17B0700D0F6E001
:1092600038004AE001235E40B045AFD1002F00D165
:10927000F9E0002D00D071E163462500054300D1DF
:10928000A6E25D1E012B00D1BBE2544FBB4200D1D0
:1092900064E1382D00DCFCE2571C802212041D0022
:1092A0001400114200D058E70C006AE74F4F6B1CC6
:1092B0003B4200D0FFE00F00230017430343002D83
:1092C00000D080E1002B00D1D7E1002F00D1DBE1FD
:1092D000831A9C466045AD41631A5B191D0200D498
:1092E000B9E2101A82429241012307000C1BA41814
:1092F00033409846274300D1B8E10123210082463C
:1093000022022DD453464F07DB081F43CD0800230C
:10931000CCE04D4500D1E5E0382B00DD16E180279B
:109320003F0439431F2B00DDB7E120260F00F61A5A
:10933000B740B2463E001700DF403E433700564676
:10934000B240D940561EB24164183A4317188742BA
:109350008041241A230200D5FFE633E06B055B0D44
:109360001F4AC0081440670764020743240B18E72C
:10937000C00862071043194AE508934200D12FE75D
:10938000070093E00024154B0BE780273F04394387
:109390001F2B00DDC4E020260F00F61AB740B246AE
:1093A0003E001700DF403E4337005646B240D940EA
:1093B000561EB241641A3A43871AB84280412418B3
:1093C000230217D47B0700D165E20F233B40042B17
:1093D00000D0D6E638002B00C008CAE7FF0700001F
:1093E000FFFF7FFF01F8FFFFFFFF7F00FE07000088
:1093F000B04601256402640A002C00D00BE7380057
:1094000000F004FB030018331F2B00DC08E73A00D0
:10941000083882409D4200DD92E05B1B581C1F28EB
:1094200000DC14E217001F3BDF40202805D040235A
:109430001B1A9A40531E9A411743002F00D115E181
:1094400007231900BA4639403B4200D15AE70F239F
:109450003B40042B00D01EE138000025033B2202D4
:1094600000D57DE7B7E7CB4F6B1C3B4200D086E0D1
:1094700023000343002D00D05CE10F001743002BB5
:1094800000D1CCE1002F00D1FEE082188242804161
:109490006418241A230200D5EAE11700274300D1FB
:1094A000E4E00023D20867071743E5082C035B05B7
:1094B000240B5B0D75E6831A9C466045BF41631A19
:1094C0007F42DB1B1F0275D467461F4300D1D0E0EB
:1094D0001C00674690E7B04CED1A14407B0700D0A3
:1094E00073E777E76307C0081843E50878E6634643
:1094F0002500054373D05D1E012B00D138E1A74F35
:10950000BB4200D167E6382D00DC8DE1571EBA4220
:1095100092418C18B0461D00220200D578E630E654
:109520001F000E00203FFE40202B04D04027FB1AD6
:1095300099400A4392465246531E9A4132433BE7B2
:10954000EB1A954D15406F07ED08AFE780231B041C
:10955000471C1C4200D114E61C00FEE54807D20857
:109560001043CD083CE6471EB842804124181D0038
:10957000220200D54CE604E60027002411E6874DC0
:10958000AB4200D10BE68218824280416118081A72
:10959000C707520817434408520700D47EE10F2240
:1095A0001D003A40042A00D0EBE5FF08640727437A
:1095B00005097BE70123171ABA4292410C1B33407D
:1095C0009846A41818E7002B00D004E1002F00D023
:1095D00057E10023802498462403704BE1E5B04610
:1095E0000C00D008C5E687188742804165182D1AFF
:1095F0002B0200D40DE1684B7A081D40EB071343A2
:109600006F08520700D42DE10F221A40042A00D11E
:1096100028E1181D9842A44102253C1BDBE6002BE3
:1096200000D143E663465B1B002D00D160E7382B79
:1096300043DD571EBA4292418C18B046654623025C
:1096400000D5E5E59DE5871AB8428041641A2418E3
:10965000230200D5CDE66307FF081F43E508012379
:1096600024E7C00863071843E508B9E50023002490
:1096700097E500230024984693E5002FF9D00133A5
:10968000334098460C0093465B466707DB081F4350
:10969000E50800230AE7002573E51F000E00203FC0
:1096A000FE40202B04D04027FB1A99400A439246E3
:1096B0005246531E9A41324348E68025B0462D0457
:1096C0002C431F2B26DC20272500FF1A0600B8405C
:1096D000BD40DE40471EB841DC4035432843091BEE
:1096E000171ABA42924165468C1869E6002B00D1E0
:1096F000B9E663465B1B002D00D1BEE5382B4FDD7C
:1097000080231B0465461C00571C194200D024E529
:109710000C0036E51D002700203DEF40202B04D033
:109720004025EB1A9C40204383465846431E9841EF
:109730003843D5E7002B00D110E76307C008184372
:109740000B00E508134300D14AE580231B031D42AB
:1097500006D0CC081C4203D12500D0084907084395
:10976000430FC000ED00C0085B071843ED0837E564
:10977000171ABA4292410C1BA418230200D537E6EF
:109780006307FF081F43B0460123E5088EE6330058
:10979000C8E5C046FE070000FFFF7FFFFF0700008F
:1097A00080252D042C431F2B41DC20272500FF1A88
:1097B0000600B840BD40DE40471EB841DC4035439E
:1097C0002843091987189742924165468C1AC1E5CA
:1097D0000C00D008CDE5C00863071843E508002F4A
:1097E00000D1FDE480231B031D42B9D0CC081C42EC
:1097F000B6D10123D00849073340984625000843D5
:10980000AEE78718974292416518AD1A2B0200D532
:10981000F1E66B07FF081F43ED08012346E6002F22
:1098200000D06FE50024BCE4B0462B0049E71D00E2
:109830002700203DEF40202B04D04025EB1A9C4010
:10984000204383465846431E98413843BAE72021B7
:109850000027091AF7E467461F4300D109E71C00F7
:10986000E34611E7DB087F071F432D0902231DE6AE
:109870000D4BD2081C406707640201231743240BD9
:109880008FE401234807D208334098461043CD089F
:10989000A6E42B0087E72B00F8086AE56407FF08B9
:1098A0002743050902E6C046FFFF7FFFF0B51D0014
:1098B0002E03360B0C4F1400B4460B034A006E0007
:1098C0001B0B520D760DBA4208D0074B00209E426A
:1098D00003D160462043431E9841F0BD034301205D
:1098E000002BFAD1F1E7C046FF070000F0B50500F4
:1098F0000020144C0A034B00C90F0F008446120BC2
:109900005B0DA34205DD104CA34204DD0F4BC918CB
:109910008C466046F0BD8024640322430C4CA34275
:1099200007DCE41AE24053429C46002FF1D19446F2
:10993000EFE72800074959188A400749CB1AD84051
:109940000243F0E7FE0300001D040000FFFFFF7F5D
:1099500013040000EDFBFFFF3304000070B5002886
:1099600019D0C317C2185A40C40F1000150000F0D8
:109970004DF8134B1B1A5B055B0D0A2817DC010021
:1099800015310A00290095400B22121AD1400A0312
:10999000AC46120B04E000210024002300228C4678
:1099A0001B051343E40723436046190070BD2A00DA
:1099B0000B388240002112038C46120BF0E7C046A0
:1099C0001E04000010B5041E10D000F01FF80E4B4E
:1099D0001B1A5B055B0D0A280FDC0B222100121AF3
:1099E000D14015300A038440120B01E0002300220D
:1099F0001B0513432000190010BD22000B388240C4
:109A000012030024120BF3E71E0400001C210123A3
:109A10001B04984201D3000C10391B0A984201D351
:109A2000000A08391B09984201D30009043902A22F
:109A3000105C40187047C046040302020101010196
:109A40000000000000000000000000000100000015
:109A50000100000000000000020000000100000002
:109A600002000000030000000100000002000000EE
:109A700001000000020000000000000000000000E3
:109A800003000000030000000200000000000000CE
:109A900002000000010000000200000001000000C0
:109AA00000000000030000002573204020307825CE
:109AB0003032580D0A0000002020526567283078A7
:109AC0004330293A203078253032780D0A000000E2
:109AD00020205265672830784331293A2030782594
:109AE0003032780D0A000000202052656728307857
:109AF0004332293A203078253032780D0A000000B0
:109B000020205265672830783531293A2030782571
:109B10003034780D0A000000202052656728307824
:109B20003631293A203078253034780D0A0D0A0074
:109B30000D0A52657475726E65642066726F6D20D1
:109B40006D61696E28292E202053797374656D200C
:109B500073746F702E000000496E746572727570B8
:109B60007420776974686F75742068616E646C65C1
:109B7000722028495352292E202053797374656D21
:109B80002073746F702E0000486172642046617506
:109B90006C7420696E746572727570742E20205317
:109BA000797374656D2073746F702E00494E460092
:109BB000696E66004E414E006E616E0030003031BD
:109BC0003233343536373839414243444546003024
:109BD0003132333435363738396162636465660053
:109BE000496E66696E697479004E614E0052454552
:109BF0004E54206D616C6C6F632073756363656593
:109C0000646564002F646174612F6A656E6B696EB0
:109C1000732F776F726B73706163652F474E552D8D
:109C2000746F6F6C636861696E2F61726D2D313571
:109C30002D352F7372632F6E65776C69622D637992
:109C40006777696E2F6E65776C69622F6C696263E6
:109C50002F7374646C69622F64746F612E630042A9
:109C6000616C6C6F63207375636365656465640024
:109C70002F646174612F6A656E6B696E732F776FE5
:109C8000726B73706163652F474E552D746F6F6CE7
:109C9000636861696E2F61726D2D31352D352F73BB
:109CA00072632F6E65776C69622D63796777696E71
:109CB0002F6E65776C69622F6C6962632F737464B1
:109CC0006C69622F6D707265632E6300232D302BDB
:109CD0002000686C4C0065666745464700430050AD
:109CE0004F534958002E002C2066756E6374696FBF
:109CF0006E3A2000617373657274696F6E2022255D
:109D00007322206661696C65643A2066696C65201F
:109D1000222573222C206C696E652025642573250D
:109D2000730A000005000000190000007D0000001B
:109D3000BC89D897B2D29C3C33A7A8D523F6493921
:109D40003DA7F444FD0FA5329D978CCF08BA5B2543
:109D5000436FAC642806C80A0080E03779C34143EA
:109D6000176E05B5B5B89346F5F93FE9034F384D81
:109D7000321D30F94877825A3CBF737FDD4F15752D
:109D8000000000000000F03F000000000000244040
:109D900000000000000059400000000000408F401B
:109DA000000000000088C34000000000006AF84086
:109DB0000000000080842E4100000000D0126341AA
:109DC0000000000084D797410000000065CDCD4120
:109DD000000000205FA00242000000E87648374201
:109DE000000000A2941A6D42000040E59C30A2429F
:109DF0000000901EC4BCD64200003426F56B0C4314
:109E00000080E03779C3414300A0D88557347643BA
:109E100000C84E676DC1AB43003D9160E458E1431B
:109E2000408CB5781DAF154450EFE2D6E41A4B4490
:109E300092D54D06CFF08044F64AE1C7022DB544D5
:109E4000B49DD9794378EA440020202020202020A6
:109E500020202828282828202020202020202020DA
:109E600020202020202020202088101010101010EA
:109E70001010101010101010100404040404040436
:109E800004040410101010101010414141414141D0
:109E900001010101010101010101010101010101B2
:109EA00001010101101010101010424242424242C2
:109EB0000202020202020202020202020202020282
:109EC000020202021010101020000000000000002A
:109ED0000000000000000000000000000000000082
:109EE0000000000000000000000000000000000072
:109EF0000000000000000000000000000000000062
:109F00000000000000000000000000000000000051
:109F10000000000000000000000000000000000041
:109F20000000000000000000000000000000000031
:109F30000000000000000000000000000000000021
:109F40000000000000000000000000005085000834
:109F5000068400087A830008A68300087A83000834
:109F6000E88400087A830008A683000806840008B5
:109F700006840008E8840008A68300089C83000883
:0C9F80009C8300089C8300080A850008F0
:109F8C000500000001000000290005000C0700205E
:109F9C00140000200000000020070020880700208B
:109FAC00F00700200000000000000000000000008E
:109FBC000000000000000000000000000000000095
:109FCC000000000000000000000000000000000085
:109FDC000000000000000000000000000000000075
:109FEC0000000000030000002007002043000000D8
:109FFC000000000000000000000000000000000055
:10A00C000000000000000000000000004300000001
:10A01C000000000000000000000000000000000034
:10A02C0000000000000000000000000043000000E1
:10A03C000000000000000000000000000000000014
:10A04C0000000000000000000000000043000000C1
:10A05C0000000000000000000000000000000000F4
:10A06C0000000000000000000000000043000000A1
:10A07C0000000000000000000000000000000000D4
:10A08C000000000000000000000000004300000081
:10A09C0000000000000000000000000000000000B4
:10A0AC000000000000000000000000004300000061
:10A0BC000000000000000000000000000000000094
:10A0CC0000000000000000000000000061740008A7
:10A0DC00CD73000800000000489E0008E59C0008B5
:10A0EC00229D0008229D0008229D0008229D000848
:10A0FC00229D0008229D0008229D0008229D000838
:10A10C00229D0008FFFFFFFFFFFFFFFFFFFFFFFF88
:10A11C00FFFF0000010041534349490000000000CB
:10A12C000000000000000000000000000000000023
:10A13C0000000000000041534349490000000000AA
:10A14C000000000000000000000000000000000003
:08A15C000000000000000000FB
:04000005080000B936
:00000001FF
